Descriptores,2003,2004,2005,2006,2007,2008,2009,2010,2011,2012,2013,2014,2015,2016<R>,2017<P>
Valores constantes|Millones de pesos|B.1bV---Valor agregado bruto|Estados Unidos Mexicanos<C1>,83820.79299999999,85680.506,83076.84899999999,83928.40200000003,81250.623,81957.08500000002,80198.85899999997,81164.33699999998,78837.90800000004,79135.11599999998,80877.956,80594.38999999998,83388.60499999997,82233.78100000002,82228.17000000001
Valores constantes|Millones de pesos|B.1bV---Valor agregado bruto|Aguascalientes<C1>,1812.9470000000001,1791.566,1821.422,1748.901,1922.636,2040.344,2437.561,2344.475,2296.858,2112.8360000000002,2053.873,1963.71,1914.1889999999999,2002.833,1875.372
Valores constantes|Millones de pesos|B.1bV---Valor agregado bruto|Baja California<C1>,2017.518,2578.676,2524.646,2706.782,2508.397,2454.727,2617.219,2501.812,2015.028,1837.598,1827.672,1878.004,1823.031,2197.9629999999997,2077.112
Valores constantes|Millones de pesos|B.1bV---Valor agregado bruto|Baja California Sur<C1>,24.124000000000002,19.238999999999997,19.185,23.473,28.727,30.081,29.84,34.384,35.964,35.028,34.719,34.111000000000004,38.191,41.618,41.669000000000004
Valores constantes|Millones de pesos|B.1bV---Valor agregado bruto|Campeche<C1>,634.2379999999999,594.496,568.0500000000001,604.023,618.886,639.894,723.916,742.109,740.9150000000001,794.63,901.705,905.616,799.6899999999999,659.776,638.716
Valores constantes|Millones de pesos|B.1bV---Valor agregado bruto|Coahuila de Zaragoza<C1>,6205.84,6116.648,5459.7789999999995,5657.48,6494.817,6686.255,6717.011,4241.886,4223.109,4335.889,4277.25,4202.062,3942.8740000000003,4024.804,3972.545
Valores constantes|Millones de pesos|B.1bV---Valor agregado bruto|Colima<C1>,58.807,61.775,63.315,63.94,58.961,55.092,58.393,68.818,67.342,70.254,73.297,64.914,61.516,66.187,75.646
Valores constantes|Millones de pesos|B.1bV---Valor agregado bruto|Chiapas<C1>,319.161,319.014,304.328,315.78999999999996,325.353,320.59000000000003,283.302,312.42400000000004,314.807,292.822,309.033,337.255,342.03799999999995,410.721,441.88
Valores constantes|Millones de pesos|B.1bV---Valor agregado bruto|Chihuahua<C1>,2263.4539999999997,2330.24,2267.701,2110.312,2106.682,2161.071,2204.602,2319.613,2315.635,2475.8469999999998,2522.751,2448.268,2524.223,2453.924,2554.1009999999997
Valores constantes|Millones de pesos|B.1bV---Valor agregado bruto|Ciudad de México<C1>,7697.335999999999,7874.499,7841.508,8433.232,7813.886,7916.666,7215.921,8338.359,8977.896,9253.500999999998,9201.493,8960.965,8668.429,7934.552000000001,8234.61
Valores constantes|Millones de pesos|B.1bV---Valor agregado bruto|Durango<C1>,2248.6259999999997,2489.156,2327.263,2057.5769999999998,1254.323,2333.032,2508.389,1922.639,1738.073,2361.9300000000003,2614.7400000000002,2463.6079999999997,2789.847,3105.461,3444.975
Valores constantes|Millones de pesos|B.1bV---Valor agregado bruto|Guanajuato<C1>,15087.073,15295.593,15494.065,16044.922999999999,15690.092,15819.815999999999,15227.555,16745.799,16524.685,16762.793,17191.899,17075.089,17855.740999999998,17952.345,17707.894
Valores constantes|Millones de pesos|B.1bV---Valor agregado bruto|Guerrero<C1>,250.861,229.747,214.21499999999997,204.351,192.487,212.00400000000002,208.899,235.596,224.927,214.51399999999998,214.948,207.173,197.096,202.28,193.785
Valores constantes|Millones de pesos|B.1bV---Valor agregado bruto|Hidalgo<C1>,2228.579,2057.918,1895.617,1786.259,1756.023,1827.3719999999998,1822.806,1994.259,2000.944,1917.435,2127.913,2363.728,2618.378,2633.5,2918.175
Valores constantes|Millones de pesos|B.1bV---Valor agregado bruto|Jalisco<C1>,7369.0470000000005,7186.138999999999,6950.362999999999,7315.984,6849.1,6300.929,6106.0830000000005,6253.085,5643.406,5503.437,5257.629,4948.035,4980.999,4323.348,4225.307
Valores constantes|Millones de pesos|B.1bV---Valor agregado bruto|México<C1>,7873.715999999999,7724.884,7519.3099999999995,7553.724,7421.5509999999995,7211.367,6882.165,7663.822,7524.423,7821.603,8900.219,8886.559,9095.421999999999,8605.076000000001,8624.591
Valores constantes|Millones de pesos|B.1bV---Valor agregado bruto|Michoacán de Ocampo<C1>,954.356,896.2470000000001,814.706,797.692,779.6859999999999,769.8530000000001,713.865,730.0260000000001,737.6790000000001,796.968,826.7239999999999,845.087,813.327,831.9209999999999,684.605
Valores constantes|Millones de pesos|B.1bV---Valor agregado bruto|Morelos<C1>,676.5740000000001,691.0429999999999,633.435,632.3489999999999,622.585,579.47,584.982,693.328,645.602,616.34,687.063,690.7560000000001,735.151,636.115,634.57
Valores constantes|Millones de pesos|B.1bV---Valor agregado bruto|Nayarit<C1>,84.61699999999999,81.465,81.181,77.794,73.23,72.75999999999999,74.174,75.48,71.759,68.014,69.262,71.886,80.204,77.169,81.501
Valores constantes|Millones de pesos|B.1bV---Valor agregado bruto|Nuevo León<C1>,3928.209,4124.348,4039.0780000000004,4153.067,4084.228,4004.647,3718.559,4060.102,4040.9170000000004,3943.2470000000003,4068.321,3969.7200000000003,5062.241,3853.7259999999997,4029.681
Valores constantes|Millones de pesos|B.1bV---Valor agregado bruto|Oaxaca<C1>,547.337,518.72,501.977,484.16,437.966,457.506,496.846,560.665,544.733,525.825,494.402,387.61400000000003,393.671,439.791,445.573
Valores constantes|Millones de pesos|B.1bV---Valor agregado bruto|Puebla<C1>,6038.985,6593.773,6404.817,5996.218,5703.75,5962.267,6159.083,6165.185,4976.533,4874.184,4742.401,4722.276,4848.022,5145.088000000001,5418.8150000000005
Valores constantes|Millones de pesos|B.1bV---Valor agregado bruto|Querétaro<C1>,2715.105,2805.5699999999997,2557.6789999999996,2262.842,2154.191,2308.565,2131.73,2307.321,2380.236,2017.4869999999999,2035.3670000000002,2095.7110000000002,2317.612,2601.783,2850.031
Valores constantes|Millones de pesos|B.1bV---Valor agregado bruto|Quintana Roo<C1>,96.273,101.066,98.21000000000001,109.962,109.898,98.49799999999999,94.031,109.734,104.284,90.29899999999999,91.716,89.76100000000001,89.428,109.60000000000001,126.641
Valores constantes|Millones de pesos|B.1bV---Valor agregado bruto|San Luis Potosí<C1>,1523.049,1660.472,1626.708,1708.007,1505.529,1209.764,1043.9279999999999,1103.623,1013.1410000000001,1003.24,1102.202,1269.493,1259.219,1101.413,959.636
Valores constantes|Millones de pesos|B.1bV---Valor agregado bruto|Sinaloa<C1>,425.208,443.95399999999995,432.992,442.603,396.285,406.807,382.673,384.818,367.96,373.964,381.39799999999997,393.584,405.139,425.236,442.06800000000004
Valores constantes|Millones de pesos|B.1bV---Valor agregado bruto|Sonora<C1>,1724.213,1893.458,1717.014,1475.121,1543.503,1802.165,2096.094,2198.931,2041.76,1946.173,1855.0629999999999,2025.683,2084.161,1975.492,1794.504
Valores constantes|Millones de pesos|B.1bV---Valor agregado bruto|Tabasco<C1>,241.931,251.51000000000002,236.445,271.566,318.002,328.024,305.355,321.504,310.156,283.476,291.35699999999997,296.656,319.65799999999996,415.591,476.456
Valores constantes|Millones de pesos|B.1bV---Valor agregado bruto|Tamaulipas<C1>,1720.986,1615.366,1409.1509999999998,1369.016,1345.7469999999998,1336.87,1101.075,1295.616,1314.554,1156.704,1069.176,1025.968,1212.7640000000001,1472.867,1270.265
Valores constantes|Millones de pesos|B.1bV---Valor agregado bruto|Tlaxcala<C1>,1023.8580000000001,1064.2740000000001,1036.26,1087.6019999999999,931.341,945.5730000000001,1005.765,1047.681,1246.591,1196.09,1245.7869999999998,1161.745,1180.7,1155.372,1120.308
Valores constantes|Millones de pesos|B.1bV---Valor agregado bruto|Veracruz de Ignacio de la Llave<C1>,2856.238,2983.308,3013.179,3398.388,3275.8500000000004,3323.989,2763.138,1930.415,2181.269,2315.794,2212.733,2508.9429999999998,2666.355,3123.1659999999997,2591.415
Valores constantes|Millones de pesos|B.1bV---Valor agregado bruto|Yucatán<C1>,2789,2943.464,2942.842,2816.234,2773.1020000000003,2175.9,2301.238,2235.717,1998.63,1910.571,1990.4840000000002,2086.658,2041.992,2046.993,2051.387
Valores constantes|Millones de pesos|B.1bV---Valor agregado bruto|Zacatecas<C1>,383.527,342.87800000000004,260.408,219.03,153.809,165.187,182.661,225.111,218.09199999999998,226.62300000000002,205.359,213.752,227.297,208.07,224.336
Valores constantes|Participación porcentual|B.1bV---Valor agregado bruto|Estados Unidos Mexicanos<C1>,100,100,100,100,100,100,100,100,100,100,100,100,100,100,100
Valores constantes|Participación porcentual|B.1bV---Valor agregado bruto|Aguascalientes<C1>,2.162884572089,2.090984383309,2.192454362346,2.083801142788,2.366303086685,2.489527293461,3.039396109114,2.888553133872,2.913392882013,2.669909525374,2.539471942145,2.436534354314,2.295504283829,2.4355355860390002,2.280692857448
Valores constantes|Participación porcentual|B.1bV---Valor agregado bruto|Baja California<C1>,2.406942153363,3.009641422986,3.038928450452,3.225108468049,3.087234174192,2.995137028117,3.263411764998,3.082403050985,2.55591256937,2.322101859306,2.259790047117,2.330191964974,2.186187189485,2.672822498579,2.526034569418
Valores constantes|Participación porcentual|B.1bV---Valor agregado bruto|Baja California Sur<C1>,0.028780448307,0.022454349184,0.023093076147,0.027967886247,0.035356036593,0.036703355177,0.037207511892,0.042363433585,0.045617648809,0.044263535293,0.042927642731,0.042324285847,0.045798823472,0.050609371835,0.050674847805
Valores constantes|Participación porcentual|B.1bV---Valor agregado bruto|Campeche<C1>,0.756659508101,0.693852111471,0.683764498579,0.719688431575,0.761700005673,0.780767153932,0.902651245949,0.91432891271,0.939795358345,1.004143343898,1.1148958809,1.123671262975,0.958991939007,0.802317480696,0.776760567577
Valores constantes|Participación porcentual|B.1bV---Valor agregado bruto|Coahuila de Zaragoza<C1>,7.403699938749,7.138902751111,6.571962063703,6.740840841936,7.993559630921,8.158239156505,8.375444593295,5.226292922223,5.356698455266,5.479096031148,5.288523859332,5.213839325541,4.728312699319,4.894343846357,4.831124175571
Valores constantes|Participación porcentual|B.1bV---Valor agregado bruto|Colima<C1>,0.0701580096,0.072099247406,0.076212567956,0.076183983582,0.072566828195,0.067220545972,0.072810262799,0.084788470582,0.085418299024,0.088777275565,0.090626672118,0.080544067645,0.07377027113,0.080486387948,0.091995237155
Valores constantes|Participación porcentual|B.1bV---Valor agregado bruto|Chiapas<C1>,0.380765903754,0.372329733907,0.366321067377,0.376261185099,0.400431391154,0.391168133908,0.353249414683,0.384927680737,0.399309174972,0.37002789002,0.382097935314,0.418459647129,0.410173548292,0.499455327246,0.537382748516
Valores constantes|Participación porcentual|B.1bV---Valor agregado bruto|Chihuahua<C1>,2.700349064939,2.719685152186,2.729642526524,2.51441937379,2.592819503673,2.636832434926,2.748919407943,2.857921453852,2.93721010456,3.128632552962,3.119207166907,3.037764787351,3.027059872269,2.984082660628,3.106114364457
Valores constantes|Participación porcentual|B.1bV---Valor agregado bruto|Ciudad de México<C1>,9.183086588074,9.190537460178,9.43886063854,10.048126497154,9.617016721213,9.659526080021,8.997535738008,10.273427108756,11.3877907567,11.693293025564,11.377009824531,11.118596468067,10.395220066339,9.648774388715,10.014341800383
Valores constantes|Participación porcentual|B.1bV---Valor agregado bruto|Durango<C1>,2.682658943587,2.905160247303,2.801337590452,2.451586055457,1.54377031669,2.84665078071,3.127711580036,2.368822405338,2.204615830242,2.984680024984,3.2329452045,3.056798370209,3.345597399069,3.776381144386,4.189531397817
Valores constantes|Participación porcentual|B.1bV---Valor agregado bruto|Guanajuato<C1>,17.999200985846,17.851893871869,18.650280055759,19.11739365656,19.310734392769,19.302560602296,18.987246439504,20.631966722035,20.960329135065,21.182496276369,21.256594318482,21.186448585317,21.412687021206,21.830864131129,21.535070037434
Valores constantes|Participación porcentual|B.1bV---Valor agregado bruto|Guerrero<C1>,0.299282541982,0.268143841261,0.257851618807,0.243482534077,0.236905260406,0.258676842887,0.260476274357,0.290270343735,0.285303105709,0.271073084672,0.265768338656,0.257056353426,0.236358432906,0.245981636184,0.235667411788
Valores constantes|Participación porcentual|B.1bV---Valor agregado bruto|Hidalgo<C1>,2.658742443537,2.401850894765,2.281763238276,2.12831289222,2.161242505181,2.229669344633,2.272857772203,2.457063131065,2.538048066927,2.4229888031,2.631017282385,2.932869148833,3.139970982846,3.202455205118,3.54887503881
Valores constantes|Participación porcentual|B.1bV---Valor agregado bruto|Jalisco<C1>,8.79143078496,8.387134174955,8.366185145034,8.716934703463,8.429596902906,7.688083342642,7.613678144723,7.704227288889,7.158239155712,6.95448149719,6.500694701038,6.139428563204,5.973236990833,5.257386863922,5.138515182814
Valores constantes|Participación porcentual|B.1bV---Valor agregado bruto|México<C1>,9.393511702997,9.015917809822,9.051029366797,9.000199956148,9.134146577559,8.798954965272,8.581375203854,9.442351509629,9.544168777284,9.883858639949,11.004505356194,11.026274905735,10.907272042745,10.464161923918,10.488608709157
Valores constantes|Participación porcentual|B.1bV---Valor agregado bruto|Michoacán de Ocampo<C1>,1.138567133336,1.04603373841,0.980665504056,0.950443450597,0.959606180497,0.939336727264,0.890118648695,0.899441832439,0.935690733955,1.007097784503,1.022187059228,1.048568020677,0.975345492349,1.011653592822,0.832567476572
Valores constantes|Participación porcentual|B.1bV---Valor agregado bruto|Morelos<C1>,0.807167262185,0.806534685965,0.762468735424,0.753438627367,0.766252586149,0.707040764078,0.729414367354,0.854227392999,0.818897934227,0.778845133682,0.849505890085,0.85707702484,0.881596472324,0.773544633683,0.771718499877
Valores constantes|Participación porcentual|B.1bV---Valor agregado bruto|Nayarit<C1>,0.100949891992,0.0950799707,0.097717957502,0.092690910522,0.090128539691,0.088778169697,0.092487600104,0.092996509046,0.091020933737,0.085946673788,0.085637673633,0.089194793831,0.096181006985,0.093840997047,0.099115668025
Valores constantes|Participación porcentual|B.1bV---Valor agregado bruto|Nuevo León<C1>,4.686437409391,4.813636371382,4.861857483304,4.948345138276,5.02670361063,4.886273102563,4.636673197558,5.0023226334,5.125601506321,4.982929449424,5.030197597971,4.925553751322,6.07066277221,4.686305254528,4.900608878928
Valores constantes|Participación porcentual|B.1bV---Valor agregado bruto|Oaxaca<C1>,0.652984755227,0.605411924155,0.604232112848,0.576872653908,0.5390309438,0.558226296116,0.619517542014,0.690777527081,0.690953138939,0.664464812309,0.611293885815,0.48094414512,0.472092080207,0.534805763096,0.541873910121
Valores constantes|Participación porcentual|B.1bV---Valor agregado bruto|Puebla<C1>,7.204638352682,7.6957680432,7.709508818756,7.144444380104,7.019946173213,7.2748646441,7.67976387295,7.595928492584,6.312360546147,6.159318702458,5.863650906311,5.859311051303,5.813770358672,6.256659899902,6.589973971207
Valores constantes|Participación porcentual|B.1bV---Valor agregado bruto|Querétaro<C1>,3.239178374273,3.274455451979,3.078690430351,2.696157613009,2.651291670711,2.816797351931,2.658055272332,2.842776871325,3.019151649737,2.549420664272,2.516590552808,2.600318707046,2.779291007446,3.163885897451,3.466003195742
Valores constantes|Participación porcentual|B.1bV---Valor agregado bruto|Quintana Roo<C1>,0.114855749456,0.117956819723,0.11821584615,0.131018817682,0.135258039806,0.120182410099,0.11724730398,0.135199773763,0.132276467813,0.114107370488,0.113400491971,0.111373756908,0.107242470359,0.133278561033,0.154011696965
Valores constantes|Participación porcentual|B.1bV---Valor agregado bruto|San Luis Potosí<C1>,1.817030053629,1.937981085219,1.958076190396,2.035076278469,1.852944561422,1.476094470661,1.301674379183,1.359738822237,1.285093714054,1.267755771028,1.362796557322,1.57516298591,1.510061236784,1.339368063351,1.167040443683
Valores constantes|Participación porcentual|B.1bV---Valor agregado bruto|Sinaloa<C1>,0.507282244395,0.518150534732,0.521194538806,0.527357830547,0.487731644839,0.496365872456,0.477155167507,0.474122027264,0.466729786894,0.472563912082,0.471572253878,0.488351608592,0.485844558738,0.517106224266,0.537611380625
Valores constantes|Participación porcentual|B.1bV---Valor agregado bruto|Sonora<C1>,2.057023010985,2.209905249626,2.066777953988,1.757594526821,1.899681433827,2.198913004288,2.613620724953,2.709232997246,2.58982011547,2.459303907509,2.293657124569,2.513429284594,2.499335490742,2.402287692451,2.182346998602
Valores constantes|Participación porcentual|B.1bV---Valor agregado bruto|Tabasco<C1>,0.28862886086,0.293544018052,0.284609975999,0.323568653196,0.39138407591,0.400238734699,0.380747312128,0.396114860151,0.393409728731,0.358217709569,0.360242783584,0.368085173174,0.383335348996,0.505377467686,0.579431598684
Valores constantes|Participación porcentual|B.1bV---Valor agregado bruto|Tamaulipas<C1>,2.05317313092,1.885336671564,1.696201790224,1.631171292884,1.656291300068,1.631182953859,1.372931003919,1.59628729549,1.667413600067,1.461682320653,1.321962192022,1.273001756078,1.454352186369,1.79107294118,1.544805144028
Valores constantes|Participación porcentual|B.1bV---Valor agregado bruto|Tlaxcala<C1>,1.221484506834,1.242142524228,1.247351112221,1.295868828767,1.146257057007,1.153741619776,1.254088914158,1.290814462022,1.581207608908,1.511452892797,1.540329481126,1.441471298437,1.415900889576,1.4049846498,1.362438200923
Valores constantes|Participación porcentual|B.1bV---Valor agregado bruto|Veracruz de Ignacio de la Llave<C1>,3.407553063832,3.481898204476,3.626977956278,4.049151323053,4.031784470133,4.055767722827,3.445358243812,2.378402967796,2.766776865769,2.926379737663,2.735891347205,3.113049183696,3.197505222686,3.797911225801,3.151492973758
Valores constantes|Participación porcentual|B.1bV---Valor agregado bruto|Yucatán<C1>,3.32733669079,3.435395211135,3.542312973377,3.35551962493,3.413022445379,2.654926050628,2.86941488781,2.75455585869,2.535112930698,2.414315030511,2.461095826902,2.589085915285,2.448766231309,2.489236144937,2.494749670338
Valores constantes|Participación porcentual|B.1bV---Valor agregado bruto|Zacatecas<C1>,0.457555919329,0.400182043743,0.313454353571,0.260972441725,0.189301933106,0.201553044499,0.227760098183,0.277352108476,0.276633418533,0.286374761869,0.253912203221,0.265219452619,0.2725756115,0.253022538268,0.272821345775
Valores constantes|Índice de volumen físico base 2013=100|B.1bV---Valor agregado bruto|Estados Unidos Mexicanos<C1>,103.638614457566,105.938020985595,102.718779144221,103.771665545059,100.460776976114,101.334268388286,99.160343518078,100.354090303667,97.477621714377,97.845098854872,100,99.64939024918,103.104243880743,101.676383859157,101.669446245649
Valores constantes|Índice de volumen físico base 2013=100|B.1bV---Valor agregado bruto|Aguascalientes<C1>,88.269673928232,87.228665063517,88.682308984051,85.151370118795,93.610267041828,99.341293254257,118.681194017352,114.148976105144,111.830575697718,102.87082015295,100,95.61009857961,93.198995264069,97.514938849676,91.309053675665
Valores constantes|Índice de volumen físico base 2013=100|B.1bV---Valor agregado bruto|Baja California<C1>,110.387312384279,141.090742759095,138.134523043522,148.099987306256,137.245468552344,134.308946025326,143.19960036593,136.885174145033,110.251073496776,100.543095259981,100,102.753885817587,99.746070410883,120.260254575219,113.647963091846
Valores constantes|Índice de volumen físico base 2013=100|B.1bV---Valor agregado bruto|Baja California Sur<C1>,69.483568075117,55.413462369308,55.257927935712,67.608514070106,82.741438405484,86.641320314525,85.947175897923,99.035110458251,103.585932774561,100.890002592241,100,98.248797488407,110.000288026729,119.870964025462,120.017857657191
Valores constantes|Índice de volumen físico base 2013=100|B.1bV---Valor agregado bruto|Campeche<C1>,70.337638141077,65.930209991073,62.997321740481,66.986763963824,68.63508575421,70.964894283607,80.283019391043,82.300641562374,82.168225750107,88.125273786882,100,100.433733870834,88.686432924293,73.169828269778,70.834252887585
Valores constantes|Índice de volumen físico base 2013=100|B.1bV---Valor agregado bruto|Coahuila de Zaragoza<C1>,145.089485066339,143.004220001169,127.646946051786,132.269098135484,151.845625109591,156.321351335554,157.040411479338,99.173207083991,98.734210064878,101.370950961482,100,98.24214156292,92.18245367935,94.097936758431,92.876147057104
Valores constantes|Índice de volumen físico base 2013=100|B.1bV---Valor agregado bruto|Colima<C1>,80.231114506733,84.280393467673,86.381434437972,87.234129636957,80.441218603763,75.162694243966,79.666289206925,93.889245125994,91.875520144071,95.848397615182,100,88.562969835055,83.927036577213,90.299739416347,103.204769635865
Valores constantes|Índice de volumen físico base 2013=100|B.1bV---Valor agregado bruto|Chiapas<C1>,103.277319897875,103.22975216239,98.477508874457,102.186497882103,105.280989408898,103.739730061191,91.673704749978,101.097293816518,101.868408875428,94.754281905169,100,109.132358032961,110.680089181414,132.905223713972,142.987965686512
Valores constantes|Índice de volumen físico base 2013=100|B.1bV---Valor agregado bruto|Chihuahua<C1>,89.721657032343,92.369005105934,89.890004998512,83.651220433566,83.507329895023,85.663269977893,87.388806901672,91.947758617478,91.790073614082,98.14075982925,100,97.047548489724,100.058349000754,97.271748182837,101.24269101469
Valores constantes|Índice de volumen físico base 2013=100|B.1bV---Valor agregado bruto|Ciudad de México<C1>,83.653120205601,85.578492533766,85.219952892427,91.65069190402,84.919762477676,86.036755122239,78.421197516534,90.61963096641,97.569992174096,100.565212623647,100,97.385989425846,94.206766228046,86.231136620981,89.492107422133
Valores constantes|Índice de volumen físico base 2013=100|B.1bV---Valor agregado bruto|Durango<C1>,85.998072466096,95.19707504379,89.005522537614,78.691456894376,47.971232321378,89.226156329119,95.932635749635,73.530790824327,66.472115774417,90.331352256821,100,94.219998929148,106.696918240437,118.767487398365,131.752105371853
Valores constantes|Índice de volumen físico base 2013=100|B.1bV---Valor agregado bruto|Guanajuato<C1>,87.756873164506,88.969770006211,90.124220715815,93.328392634229,91.264449610831,92.01901430435299,88.574013842217,97.405173215594,96.1190209412,97.50402209785,100,99.320552080954,103.861365169723,104.423280988331,103.001384547455
Valores constantes|Índice de volumen físico base 2013=100|B.1bV---Valor agregado bruto|Guerrero<C1>,116.707761877291,106.88492100415,99.658987289949,95.069970411448,89.5504959339,98.630366414203,97.185830991682,109.606044252563,104.642518190446,99.798090701007,100,96.382846083704,91.694735470905,94.106481567635,90.154362915682
Valores constantes|Índice de volumen físico base 2013=100|B.1bV---Valor agregado bruto|Hidalgo<C1>,104.730738521735,96.710626797242,89.083388277622,83.944174409386,82.523251655495,85.876255279234,85.661678837434,93.719010128704,94.033167709394,90.108712151296,100,111.081985024764,123.049109620553,123.759758975108,137.137890505862
Valores constantes|Índice de volumen físico base 2013=100|B.1bV---Valor agregado bruto|Jalisco<C1>,140.159128763174,136.680222206626,132.195767331624,139.149871548563,130.269747066596,119.843545446056,116.137578364696,118.933553508625,107.337470939848,104.675263317362,100,94.111528219279,94.738502849859,82.229993786172,80.365255897668
Valores constantes|Índice de volumen físico base 2013=100|B.1bV---Valor agregado bruto|México<C1>,88.466542227781,86.794313712955,84.484550323986,84.871214966733,83.386161621416,81.024601754182,77.325793893386,86.108240707335,84.54199834858,87.881017309799,100,99.84652063056,102.193238166387,96.683868116054,96.903132383596
Valores constantes|Índice de volumen físico base 2013=100|B.1bV---Valor agregado bruto|Michoacán de Ocampo<C1>,115.438284119005,108.409457086041,98.54631049782,96.488308068957,94.310313962096,93.120920645826,86.348648400192,88.303472501101,89.229174428225,96.400733497516,100,102.221176595817,98.379507550283,100.628625756601,82.809377736705
Valores constantes|Índice de volumen físico base 2013=100|B.1bV---Valor agregado bruto|Morelos<C1>,98.473356882848,100.579277300626,92.194602241716,92.036538134058,90.615416635738,84.340155124057,85.142410521306,100.911852333774,93.965473326318,89.706475243173,100,100.537505294274,106.999067043342,92.584668363745,92.359798155337
Valores constantes|Índice de volumen físico base 2013=100|B.1bV---Valor agregado bruto|Nayarit<C1>,122.169443562126,117.618607605902,117.208570356039,112.318443013485,105.728971153013,105.050388380353,107.091911870867,108.977505702983,103.6051514539,98.198146169617,100,103.788513181831,115.797984464786,111.41607230516,117.670584158702
Valores constantes|Índice de volumen físico base 2013=100|B.1bV---Valor agregado bruto|Nuevo León<C1>,96.55602397156,101.377152884445,99.281202245349,102.083070632824,100.390996678974,98.434882596531,91.402792454184,99.7979756268,99.326405168127,96.925660487459,100,97.57637118605,124.43071724183,94.725219568466,99.0502224382
Valores constantes|Índice de volumen físico base 2013=100|B.1bV---Valor agregado bruto|Oaxaca<C1>,110.70687416313,104.918669422858,101.532153996141,97.928406438485,88.584997633505,92.537247017609,100.494334569844,113.402656138122,110.180177264655,106.355759078645,100,78.400572813217,79.625689216468,88.954130444456,90.123624095372
Valores constantes|Índice de volumen físico base 2013=100|B.1bV---Valor agregado bruto|Puebla<C1>,127.340243897553,139.038706343053,135.054311096847,126.438443311732,120.271356218084,125.722540122609,129.872674200263,130.001343201471,104.936992886093,102.778824481523,100,99.57563689785,102.227162991911,108.491205193319,114.263112714425
Valores constantes|Índice de volumen físico base 2013=100|B.1bV---Valor agregado bruto|Querétaro<C1>,133.396335894215,137.84098887326,125.661809393588,111.176117132684,105.837964357288,113.422542470228,104.734428729561,113.361423271577,116.943823890237,99.121534347368,100,102.964772446443,113.867032333727,127.828691336747,140.025410650757
Valores constantes|Índice de volumen físico base 2013=100|B.1bV---Valor agregado bruto|Quintana Roo<C1>,104.968598717781,110.19451349819,107.08055301147,119.894020672511,119.824240045357,107.39456583366,102.524096122814,119.645427188277,113.703170657246,98.455013301932,100,97.868419904924,97.505342579266,119.499324000174,138.079506302063
Valores constantes|Índice de volumen físico base 2013=100|B.1bV---Valor agregado bruto|San Luis Potosí<C1>,138.182383991319,150.650425239657,147.587102908541,154.963155574024,136.592838699258,109.758828236566,94.712947354478,100.128923736302,91.919720704553,91.021428014103,100,115.177889352405,114.245755315269,99.928416025375,87.065347368268
Valores constantes|Índice de volumen físico base 2013=100|B.1bV---Valor agregado bruto|Sinaloa<C1>,111.48668844619,116.401764036518,113.527601088627,116.047540889045,103.90327164799,106.662069544151,100.33429645672,100.896701083907,96.476646442824,98.050855012349,100,103.195087546343,106.224731120771,111.494029858573,115.907267473872
Valores constantes|Índice de volumen físico base 2013=100|B.1bV---Valor agregado bruto|Sonora<C1>,92.946331202768,102.069741027663,92.558258129239,79.518647075598,83.204883068661,97.148452640153,112.993143629084,118.536728941281,110.064186499326,104.911423493434,100,109.197531296781,112.34987706617,106.491908900129,96.73547475207
Valores constantes|Índice de volumen físico base 2013=100|B.1bV---Valor agregado bruto|Tabasco<C1>,83.035931863659,86.323651053519,81.153018461887,93.207302381614,109.145138095189,112.584904429961,104.804415201969,110.347099949546,106.452221844679,97.295070995377,100,101.818730972656,109.713512975491,142.639785555178,163.52996495708
Valores constantes|Índice de volumen físico base 2013=100|B.1bV---Valor agregado bruto|Tamaulipas<C1>,160.963770230533,151.08513472057,131.797851803632,128.044026427829,125.86767753859,125.037411988298,102.983512536757,121.178926575232,122.950197161178,108.186491279266,100,95.958757024101,113.429781439164,137.757207419546,118.807848286905
Valores constantes|Índice de volumen físico base 2013=100|B.1bV---Valor agregado bruto|Tlaxcala<C1>,82.185638475919,85.429852775796,83.181153760635,87.302404022518,74.759248571385,75.90165895133,80.733303526205,84.097923641843,100.064537517248,96.010794782736,100,93.253902954518,94.775431113023,92.74233877862,89.92773242938
Valores constantes|Índice de volumen físico base 2013=100|B.1bV---Valor agregado bruto|Veracruz de Ignacio de la Llave<C1>,129.081909114204,134.824581185349,136.174540715034,153.583283658715,148.045426176588,150.220971079656,124.874442601073,87.241208044531,98.578048051889,104.657633794949,100,113.386612844839,120.50053033963,141.145181095053,117.113768357954
Valores constantes|Índice de volumen físico base 2013=100|B.1bV---Valor agregado bruto|Yucatán<C1>,140.116675140318,147.876797803951,147.845549122726,141.484885083226,139.317974924692,109.315121347371,115.611981809449,112.320269843917,100.409247198169,95.985247809076,100,104.831689177105,102.587712335291,102.838957761027,103.059708091097
Valores constantes|Índice de volumen físico base 2013=100|B.1bV---Valor agregado bruto|Zacatecas<C1>,186.75928495951,166.965168315,126.806227143685,106.657122405154,74.897618317191,80.438159515775,88.947160825676,109.618278234701,106.200361318472,110.354549837115,100,104.086989126359,110.682755564645,101.320127191893,109.240890343253
Valores constantes|Variación porcentual anual|B.1bV---Valor agregado bruto|Estados Unidos Mexicanos<C1>,NA,2.218677410986,-3.038797413265,1.025018413974,-3.190551632331,0.869485025364,-2.145300799803,1.203855032402,-2.866319230822,0.376986157471,2.202359822155,-0.35060975082,3.467009304246,-1.384870270944,-0.006823229982
Valores constantes|Variación porcentual anual|B.1bV---Valor agregado bruto|Aguascalientes<C1>,NA,-1.179350527069,1.666475027992,-3.981559462881,9.933952808078,6.122219702533,19.468138706022,-3.818817252163,-2.031030401263,-8.011901475842,-2.790704058431,-4.38990142039,-2.52180820997,4.630890680075,-6.364035343936
Valores constantes|Variación porcentual anual|B.1bV---Valor agregado bruto|Baja California<C1>,NA,27.814274767314,-2.095261289127,7.214318363842,-7.329182771276,-2.139613466289,6.619554842555,-4.409527823235,-19.457257379852,-8.805336700036,-0.540161667568,2.753885817587,-2.927203562933,20.566408360582,-5.498318215547
Valores constantes|Variación porcentual anual|B.1bV---Valor agregado bruto|Baja California Sur<C1>,NA,-20.24954402255,-0.280679869017,22.350794891844,22.383163634814,4.7133358861,-0.801170173864,15.227882037535,4.595160539785,-2.602602602602,-0.88215142172,-1.751202511593,11.96095101287,8.973318321071,0.122543130376
Valores constantes|Variación porcentual anual|B.1bV---Valor agregado bruto|Campeche<C1>,NA,-6.266101999564,-4.448474001507,6.332717190387,2.460667888474,3.394486222018,13.130612257656,2.513136883285,-0.160892806852,7.249819479968,13.474824761209,0.433733870834,-11.696568965213,-17.496029711513,-3.191992433796
Valores constantes|Variación porcentual anual|B.1bV---Valor agregado bruto|Coahuila de Zaragoza<C1>,NA,-1.437226870174,-10.739035497874,3.621044001964,14.8005295644,2.947550331287,0.459988438969,-36.848607215322,-0.442656874796,2.670544378561,-1.352410082453,-1.75785843708,-6.168114606591,2.077925898722,-1.298423476025
Valores constantes|Variación porcentual anual|B.1bV---Valor agregado bruto|Colima<C1>,NA,5.047018212118,2.492917847026,0.9871278528,-7.786987801064,-6.561964688524,5.991795542003,17.853167331701,-2.144787700892,4.324195895578,4.331425968628,-11.437030164945,-5.234618110116,7.593146498472,14.291326091227
Valores constantes|Variación porcentual anual|B.1bV---Valor agregado bruto|Chiapas<C1>,NA,-0.046058258998,-4.603559718382,3.766331063852,3.028278286203,-1.463948388366,-11.631055241898,10.279489731806,0.762745499706,-6.983643946926,5.536127749964,9.132358032961,1.418214704007,20.080517369415,7.58641510904
Valores constantes|Variación porcentual anual|B.1bV---Valor agregado bruto|Chihuahua<C1>,NA,2.950623251014,-2.683800810217,-6.940465255341,-0.172012479671,2.581737537986,2.014325304444,5.216860004664,-0.171494124236,6.918706963749,1.894462783847,-2.952451510276,3.102397286572,-2.784975812359,4.082318767818
Valores constantes|Variación porcentual anual|B.1bV---Valor agregado bruto|Ciudad de México<C1>,NA,2.301614480647,-0.418959987169,7.546048540663,-7.344111960871,1.315350646272,-8.851516534864,15.555020627304,7.669818485867,3.069817248941,-0.562035925646,-2.614010574154,-3.264559118353,-8.466089991623999,3.78166278323
Valores constantes|Variación porcentual anual|B.1bV---Valor agregado bruto|Durango<C1>,NA,10.69675437356,-6.50393145307,-11.588118747215,-39.038830624565,85.999300020809,7.51627067267,-23.35164123268,-9.599618025017,35.893601707179,10.7035348211,-5.780001070852,13.242325889508,11.312950136692,10.932805145516
Valores constantes|Variación porcentual anual|B.1bV---Valor agregado bruto|Guanajuato<C1>,NA,1.382110366935,1.297576367258,3.555283910324,-2.211484592354,0.826789288425,-3.743791963193,9.970372788015,-1.320414749992,1.440923079624,2.559871734978,-0.679447919046,4.571876609252,0.541024872617,-1.36166612217
Valores constantes|Variación porcentual anual|B.1bV---Valor agregado bruto|Guerrero<C1>,NA,-8.416613184193,-6.760480006268,-4.604719557454,-5.80569706045,10.139386036461,-1.464595007642,12.779860123791,-4.528514915363,-4.629502016209,0.20231779744,-3.617153916296,-4.864050817432,2.630190364086,-4.199624283172
Valores constantes|Variación porcentual anual|B.1bV---Valor agregado bruto|Hidalgo<C1>,NA,-7.657839367597,-7.886660207064,-5.768992365019,-1.692699658896,4.063101679193,-0.24986702215,9.405992738668,0.335212226696,-4.173480117384,10.977060500095,11.081985024764,10.773236176074,0.577533114012,10.809758876021
Valores constantes|Variación porcentual anual|B.1bV---Valor agregado bruto|Jalisco<C1>,NA,-2.482112001728,-3.280983014662,5.260459058038,-6.38169793701,-8.003547911404,-3.092337653702,2.407468093703,-9.750051374641,-2.480222050301,-4.466445241401,-5.888471780721,0.666203856683,-13.203194780807,-2.267710117251
Valores constantes|Variación porcentual anual|B.1bV---Valor agregado bruto|México<C1>,NA,-1.890238357593,-2.661192064503,0.457674972837,-1.749772694899,-2.832076475658,-4.565042938462,11.35771955482,-1.818922725501,3.949538722106,13.790216660191,-0.15347936944,2.350324799509,-5.391129735377,0.226784748909
Valores constantes|Variación porcentual anual|B.1bV---Valor agregado bruto|Michoacán de Ocampo<C1>,NA,-6.088818009213,-9.098049979526,-2.088360709261,-2.257262201452,-1.261148718843,-7.272557228457,2.263873421445,1.048318827,8.037235708215,3.733650535529,2.221176595817,-3.758192943448,2.286165343091,-17.707931402141
Valores constantes|Variación porcentual anual|B.1bV---Valor agregado bruto|Morelos<C1>,NA,2.138568730102,-8.3363842771,-0.171446162589,-1.544084042199,-6.925158813656,0.951214040416,18.521253645411,-6.883610643158,-4.532513839796,11.474673070058,0.537505294274,6.427016196747,-13.471518096282,-0.242880611209
Valores constantes|Variación porcentual anual|B.1bV---Valor agregado bruto|Nayarit<C1>,NA,-3.725019795077,-0.348615970049,-4.172158509996,-5.866776358074,-0.641813464427,1.943375481033,1.760724782269,-4.9297827239,-5.218857564905,1.834916340753,3.788513181831,11.571098684028,-3.784100543614,5.613653150877
Valores constantes|Variación porcentual anual|B.1bV---Valor agregado bruto|Nuevo León<C1>,NA,4.993089726131,-2.067478302024,2.822153966821,-1.65754609786,-1.948495529632,-7.14390057351,9.184821324605,-0.472525074493,-2.417025640467,3.171853043951,-2.42362881395,27.52136170813,-23.873122595309,4.565840954961
Valores constantes|Variación porcentual anual|B.1bV---Valor agregado bruto|Oaxaca<C1>,NA,-5.228405899839,-3.227752930289,-3.549365807597,-9.541060806344,4.461533543699,8.598794332752,12.844825157091,-2.841625569636,-3.471058298285,-5.975942566444,-21.599427186783,1.562637056453,11.71536638462,1.314715398906
Valores constantes|Variación porcentual anual|B.1bV---Valor agregado bruto|Puebla<C1>,NA,9.186775592256,-2.865673416419,-6.379557760979,-4.877541143435,4.532404120097,3.301026270712,0.099073189953,-19.280070265531,-2.056632599442,-2.703693582351,-0.42436310215,2.662826145698,6.127571203266,5.320161676535
Valores constantes|Variación porcentual anual|B.1bV---Valor agregado bruto|Querétaro<C1>,NA,3.331915340291,-8.835673321286,-11.527521631917,-4.801528343561,7.166216923198,-7.659953261009,8.237018759411,3.160158469498,-15.240043424266,0.886251063824,2.964772446443,10.588339709054,12.261370755761,9.541456762535
Valores constantes|Variación porcentual anual|B.1bV---Valor agregado bruto|Quintana Roo<C1>,NA,4.978550580121,-2.825876160133,11.966194888505,-0.058201924302,-10.373255200277,-4.535117464314,16.699811764205,-4.966555488728,-13.410494419086,1.569231109979,-2.131580095076,-0.370985171734,22.556693652995,15.548357664234
Valores constantes|Variación porcentual anual|B.1bV---Valor agregado bruto|San Luis Potosí<C1>,NA,9.022887641829,-2.033397732693,4.997762351941,-11.854635256179,-19.645254259466,-13.708128196904,5.718306243342,-8.198633047698,-0.977257854533,9.864239862844,15.177889352405,-0.809299460493,-12.532053598302,-12.87228314901
Valores constantes|Variación porcentual anual|B.1bV---Valor agregado bruto|Sinaloa<C1>,NA,4.408665876465,-2.469174734319,2.219671495085,-10.464908733108,2.655159796611,-5.932542950343,0.560530792608,-4.3807722092,1.631699097727,1.987891882641,3.195087546343,2.93584088784,4.960519722861,3.958272582754
Valores constantes|Variación porcentual anual|B.1bV---Valor agregado bruto|Sonora<C1>,NA,9.815782620824,-9.318611767464,-14.088003941727,4.635687513092,16.758114496701,16.309771857737,4.906125393231,-7.147609452048,-4.681598228978,-4.681495427179,9.197531296781,2.886828788117,-5.214040565964,-9.161667068255
Valores constantes|Variación porcentual anual|B.1bV---Valor agregado bruto|Tabasco<C1>,NA,3.959393380757,-5.989821478272,14.853771490198,17.099342332988,3.15155250596,-6.910774821355,5.28859851648,-3.529660595202,-8.602122802719,2.780129534775,1.818730972656,7.753761933013,30.011136902564,14.645408586808
Valores constantes|Variación porcentual anual|B.1bV---Valor agregado bruto|Tamaulipas<C1>,NA,-6.137179500589,-12.765837587271,-2.84816886196,-1.699687951055,-0.659633645848,-17.637840627736,17.668278727608,1.461698527958,-12.007874914229,-7.567018009794,-4.041242975899,18.206805670352,21.447124090096,-13.755620840171
Valores constantes|Variación porcentual anual|B.1bV---Valor agregado bruto|Tlaxcala<C1>,NA,3.947422396466,-2.632216891515,4.954548086388,-14.367480015668,1.528119131447,6.365663994213,4.167573936258,18.985740888686,-4.051128236927,4.154954894698,-6.746097045482,1.631597295447,-2.145168120606,-3.034866692287
Valores constantes|Variación porcentual anual|B.1bV---Valor agregado bruto|Veracruz de Ignacio de la Llave<C1>,NA,4.448858953631,1.001271072245,12.78413927616,-3.60576838195,1.46951172978,-16.872829603227,-30.136858890146,12.994822356851,6.167281522819,-4.450352665219,13.386612844839,6.274036516574,17.132414850985,-17.026024233102
Valores constantes|Variación porcentual anual|B.1bV---Valor agregado bruto|Yucatán<C1>,NA,5.538329150233,-0.021131564714,-4.302235729951,-1.531548869874,-21.535522314001,5.760283101245,-2.84720659054,-10.604517476943,-4.40596808814,4.182676278452,4.831689177105,-2.140552021463,0.24490791345,0.214656327598
Valores constantes|Variación porcentual anual|B.1bV---Valor agregado bruto|Zacatecas<C1>,NA,-10.598732292642,-24.052286819219,-15.889680808577,-29.777199470392,7.397486492988,10.578314274125,23.239772036724,-3.11801733367,3.911651963392,-9.382984074874,4.086989126359,6.336782813728,-8.458976581301,7.817561397607
Valores constantes|Contribución a la variación nacional|B.1bV---Valor agregado bruto|Estados Unidos Mexicanos<C1>,NA,2.218677410986,-3.038797413265,1.025018413974,-3.190551632331,0.869485025364,-2.145300799803,1.203855032402,-2.866319230822,0.376986157471,2.202359822155,-0.35060975082,3.467009304246,-1.384870270944,-0.006823229982
Valores constantes|Contribución a la variación nacional|B.1bV---Valor agregado bruto|Aguascalientes<C1>,NA,-0.025507990601,0.034845732587,-0.087293874133,0.207003822139,0.144870273795,0.484664626615,-0.116068982976,-0.058667392306,-0.233418167311,-0.074509273481,-0.111480314859,-0.061444723386,0.106302293941,-0.15499834551
Valores constantes|Contribución a la variación nacional|B.1bV---Valor agregado bruto|Baja California<C1>,NA,0.669473504027,-0.063059851677,0.219237973265,-0.236374094195,-0.066054878127,0.198264738186,-0.143901049764,-0.599751095115,-0.225056707492,-0.012543104126,0.062232037615,-0.068209462222,0.449620184916,-0.146960286309
Valores constantes|Contribución a la variación nacional|B.1bV---Valor agregado bruto|Baja California Sur<C1>,NA,-0.00582790955,-0.000063024838,0.005161486084,0.006260097744,0.001666448761,-0.000294056334,0.00566591602,0.001946667783,-0.001187246115,-0.000390471406,-0.000751749958,0.005062387097,0.004109674217,0.000062018309
Valores constantes|Contribución a la variación nacional|B.1bV---Valor agregado bruto|Campeche<C1>,NA,-0.047413056567,-0.030865830788,0.043300871943,0.017709142133,0.025855801746,0.102519507618,0.022684861389,-0.001471089452,0.068133466961,0.135306555942,0.00483568106,-0.131430984216,-0.16778551458,-0.025609913279
Valores constantes|Contribución a la variación nacional|B.1bV---Valor agregado bruto|Coahuila de Zaragoza<C1>,NA,-0.106407964907,-0.766649300601,0.237973638119,0.9976801417,0.235614193383,0.037526956943,-3.08623468072,-0.023134544917,0.143053009474,-0.074099847153,-0.092964762858,-0.321595585003,0.098250834152,-0.063549309498
Valores constantes|Contribución a la variación nacional|B.1bV---Valor agregado bruto|Colima<C1>,NA,0.003540887522,0.001797375006,0.000752315486,-0.005932437508,-0.004761809642,0.004027717677,0.012998938052,-0.001818532689,0.00369365458,0.003845321968,-0.010364999828,-0.004216174352,0.005601484759,0.011502572161
Valores constantes|Contribución a la variación nacional|B.1bV---Valor agregado bruto|Chiapas<C1>,NA,-0.000175374146,-0.01714042165,0.013796864154,0.011394235768,-0.005862108897,-0.045496981744,0.03631223731,0.002936018562,-0.027886331027,0.020485216702,0.034894551489,0.005934656246,0.08236497061,0.037890754409
Valores constantes|Contribución a la variación nacional|B.1bV---Valor agregado bruto|Chihuahua<C1>,NA,0.079677127369,-0.07299093215,-0.189449891148,-0.004325115114,0.066939794419,0.053114382973,0.143407277153,-0.004901167369,0.203216960044,0.059270779359,-0.092093079108,0.094243532335,-0.084302885268,0.121819766502
Valores constantes|Contribución a la variación nacional|B.1bV---Valor agregado bruto|Ciudad de México<C1>,NA,0.211359250681,-0.038504674564,0.71226100547,-0.737945659921,0.126497491595,-0.855014548163,1.399568539996,0.787953211519,0.349584364923,-0.065720507695,-0.297396239836,-0.362973154831,-0.880068685644,0.364884110096
Valores constantes|Contribución a la variación nacional|B.1bV---Valor agregado bruto|Durango<C1>,NA,0.286957437876,-0.188949631086,-0.324622326492,-0.957070527805,1.327631666283,0.213961977784,-0.730371986963,-0.227397902603,0.791316025281,0.319466265773,-0.18686426744,0.404791201968,0.378485765531,0.412864392068
Valores constantes|Contribución a la variación nacional|B.1bV---Valor agregado bruto|Guanajuato<C1>,NA,0.248768822791,0.231641955989,0.663070406053,-0.422778215174,0.159659083476,-0.722647712519,1.893099252198,-0.272427531811,0.302022220072,0.542244734942,-0.144427487757,0.968618287203,0.11584796268,-0.29726348105
Valores constantes|Contribución a la variación nacional|B.1bV---Valor agregado bruto|Guerrero<C1>,NA,-0.025189453886,-0.018127810776,-0.01187334392,-0.014135858324,0.024020738893,-0.003788568127,0.033288503518,-0.013144935811,-0.013208113031,0.000548429094,-0.00961324987,-0.01250335166,0.006216676727,-0.010330304525
Valores constantes|Contribución a la variación nacional|B.1bV---Valor agregado bruto|Hidalgo<C1>,NA,-0.203602225524,-0.18942581875,-0.131634747004,-0.036025945067,0.087813480519,-0.005571208395,0.213784837014,0.008236376033,-0.105924931443,0.265972946827,0.291568941233,0.315964920139,0.018134372196,0.346177685786
Valores constantes|Contribución a la variación nacional|B.1bV---Valor agregado bruto|Jalisco<C1>,NA,-0.218213158637,-0.275180447697,0.440099744274,-0.556288442141,-0.674666826862,-0.237741496052,0.183296872091,-0.751166118686,-0.177540225953,-0.310618107895,-0.382791573021,0.040901109866,-0.788658114619,-0.119222293816
Valores constantes|Contribución a la variación nacional|B.1bV---Valor agregado bruto|México<C1>,NA,-0.177559761335,-0.239930889297,0.041424296196,-0.157483041319,-0.258686016475,-0.401676072301,0.974648529601,-0.17174907743,0.376950641562,1.363005520836,-0.016889645431,0.259153273572,-0.588025186415,0.023731123345
Valores constantes|Contribución a la variación nacional|B.1bV---Valor agregado bruto|Michoacán de Ocampo<C1>,NA,-0.069325280662,-0.095168672323,-0.020479833076,-0.021454000757,-0.012102061051,-0.068313801058,0.020151159507,0.009429018067,0.075203669788,0.037601511824,0.022704579725,-0.03940720936,0.022298010621,-0.179142924244
Valores constantes|Contribución a la variación nacional|B.1bV---Valor agregado bruto|Morelos<C1>,NA,0.017261826669,-0.06723583075,-0.001307223388,-0.011633725613,-0.053064208505,0.006725471019,0.135096685104,-0.058801687741,-0.037116662203,0.089369932812,0.004566139134,0.055084479205,-0.118764428305,-0.001878789934
Valores constantes|Contribución a la variación nacional|B.1bV---Valor agregado bruto|Nayarit<C1>,NA,-0.00376040346,-0.000331463962,-0.00407694808,-0.005437968425,-0.000578457103,0.001725293182,0.001628452096,-0.004584525837,-0.004750252886,0.001577049562,0.003244394554,0.010320817615,-0.003639586008,0.005267908088
Valores constantes|Contribución a la variación nacional|B.1bV---Valor agregado bruto|Nuevo León<C1>,NA,0.23399802481,-0.099520887517,0.137209103826,-0.082021101748,-0.097945095141,-0.349070492197,0.425870148601,-0.02363722875,-0.123887102636,0.158051199419,-0.121913318383,1.35557946403,-1.449256765957,0.213969244586
Valores constantes|Contribución a la variación nacional|B.1bV---Valor agregado bruto|Oaxaca<C1>,NA,-0.034140693467,-0.019541201122,-0.021446408012,-0.055039770685,0.024049046369,0.048000731114,0.079575945089,-0.019629310839,-0.023983386266,-0.039708035558,-0.132035977764,0.007515411432,0.055307316869,0.007031173722
Valores constantes|Contribución a la variación nacional|B.1bV---Valor agregado bruto|Puebla<C1>,NA,0.661873957694,-0.220535579003,-0.49183256818,-0.348473214109,0.318172329583,0.24014519306,0.00760858705,-1.46450035069,-0.129822064786,-0.166529104475,-0.024883170885,0.156023266632,0.356242918322,0.332864422226
Valores constantes|Contribución a la variación nacional|B.1bV---Valor agregado bruto|Querétaro<C1>,NA,0.107926681152,-0.289320186788,-0.354896705338,-0.129456771976,0.18999731239,-0.215765360615,0.218944511418,0.089836254068,-0.460120022464,0.022594267758,0.074611183299,0.27533057822,0.340779174805,0.301880804921
Valores constantes|Contribución a la variación nacional|B.1bV---Valor agregado bruto|Quintana Roo<C1>,NA,0.005718151581,-0.003333313648,0.014145938539,-0.000076255473,-0.014030661648,-0.005450413469,0.019580079063,-0.006714771785,-0.017738928334,0.001790608356,-0.002417222315,-0.000413180123,0.024190355505,0.020722627359
Valores constantes|Contribución a la variación nacional|B.1bV---Valor agregado bruto|San Luis Potosí<C1>,NA,0.163948580157,-0.039406863447,0.097859994666,-0.241250869998,-0.364015670378,-0.202344922346,0.074433727293,-0.111479996442,-0.012558679259,0.125054470129,0.206843753569,-0.012747785547,-0.189241683561,-0.172407249522
Valores constantes|Contribución a la variación nacional|B.1bV---Valor agregado bruto|Sinaloa<C1>,NA,0.022364379206,-0.012794042089,0.011568806612,-0.055187515664,0.012950054549,-0.029447118574,0.002674601642,-0.020770206008,0.007615625722,0.009394059649,0.015067146356,0.014337226201,0.024100415159,0.020468473899
Valores constantes|Contribución a la variación nacional|B.1bV---Valor agregado bruto|Sonora<C1>,NA,0.201912907219,-0.205932490641,-0.291167759625,0.081476590011,0.318350789753,0.358637694349,0.12822751007,-0.193645393789,-0.12124497266,-0.11513219997,0.210959831873,0.072558400157,-0.130316366367,-0.220089600404
Valores constantes|Contribución a la variación nacional|B.1bV---Valor agregado bruto|Tabasco<C1>,NA,0.011427952012,-0.017582762641,0.042275315473,0.055328111692,0.012334674652,-0.027659597703,0.020136196701,-0.01398151013,-0.033841587983,0.009958916343,0.006551847082,0.028540448039,0.115043296383,0.074014595048
Valores constantes|Contribución a la variación nacional|B.1bV---Valor agregado bruto|Tamaulipas<C1>,NA,-0.126006920502,-0.240679017465,-0.048310691225,-0.027724821926,-0.010925454689,-0.287705449748,0.24257327651,0.0233329079,-0.200220939399,-0.11060576445,-0.053423704229,0.231772955909,0.311916718118,-0.24637320276
Valores constantes|Contribución a la variación nacional|B.1bV---Valor agregado bruto|Tlaxcala<C1>,NA,0.048217152992,-0.032695885339,0.061800610661,-0.186183695002,0.017516173384,0.073443314876,0.052265082724,0.245070689113,-0.064056747929,0.06280018595,-0.103912121617,0.02351900672,-0.030373454503,-0.042639411169
Valores constantes|Contribución a la variación nacional|B.1bV---Valor agregado bruto|Veracruz de Ignacio de la Llave<C1>,NA,0.15159722958,0.034863239486,0.463677913446,-0.146003018144,0.059247545708,-0.684322776975,-1.038322752198,0.309069240595,0.17063491842,-0.13023421865,0.366243182506,0.195313842564,0.547809859633,-0.646633285657
Valores constantes|Contribución a la variación nacional|B.1bV---Valor agregado bruto|Yucatán<C1>,NA,0.184278857872,-0.000725952762,-0.152398654407,-0.051391422894,-0.735012210306,0.152931256645,-0.081698169796,-0.292107357447,-0.111696266725,0.100982982068,0.118912500707,-0.055420730897,0.005997222282,0.005343302894
Valores constantes|Contribución a la variación nacional|B.1bV---Valor agregado bruto|Zacatecas<C1>,NA,-0.048495126979,-0.09625293296,-0.049806896263,-0.077710284535,0.014003584933,0.021320914476,0.052930927608,-0.008647886818,0.010820936547,-0.026870498301,0.010377364136,0.016806380692,-0.023057107143,0.019780192279
Valores corrientes|Millones de pesos|B.1bV---Valor agregado bruto|Estados Unidos Mexicanos<C1>,56253.972,59167.43499999998,57831.42100000001,61011.919,60606.772000000004,64990.56600000002,65756.572,69032.558,71761.38799999998,78754.43000000001,80877.956,83503.47499999999,95980.28700000003,99662.60200000001,103102.69899999998
Valores corrientes|Millones de pesos|B.1bV---Valor agregado bruto|Aguascalientes<C1>,1199.727,1225.707,1276.0410000000002,1300.951,1472.5279999999998,1696.995,2031.181,2034.239,2100.728,2236.2050000000004,2053.873,2075.264,2574.379,2803.202,2626.9030000000002
Valores corrientes|Millones de pesos|B.1bV---Valor agregado bruto|Baja California<C1>,1384.337,1841.655,1816.37,2029.652,1945.314,2077.46,2187.602,2160.004,1846.064,1929.312,1827.672,1970.4850000000001,2299.767,2863.374,2793.591
Valores corrientes|Millones de pesos|B.1bV---Valor agregado bruto|Baja California Sur<C1>,17.048000000000002,14.103,13.879999999999999,17.863,22.479,24.366,25.066,29.823,33.103,34.04,34.719,35.431,41.206,47.774,50.556
Valores corrientes|Millones de pesos|B.1bV---Valor agregado bruto|Campeche<C1>,395.289,381.303,381.32500000000005,434.784,467.875,534.41,601.819,647.916,680.622,875.006,901.705,963.554,1179.365,1012.427,974.6410000000001
Valores corrientes|Millones de pesos|B.1bV---Valor agregado bruto|Coahuila de Zaragoza<C1>,4229.307,4329.478,3930.2180000000003,4256.613,4984.1410000000005,5441.92,5492.937999999999,3696.938,3882.9809999999998,4557.843,4277.25,4429.543000000001,5238.688999999999,5490.525,5585.451
Valores corrientes|Millones de pesos|B.1bV---Valor agregado bruto|Colima<C1>,42.160000000000004,45.702999999999996,45.905,48.446,45.862,44.222,48.887,59.771,62.04900000000001,68.395,73.297,67.485,66.64,76.051,92.159
Valores corrientes|Millones de pesos|B.1bV---Valor agregado bruto|Chiapas<C1>,221.07,227.462,212.35,231.246,246.255,250.107,226.915,259.775,277.363,273.251,309.033,338.409,359.53499999999997,474.44500000000005,540.72
Valores corrientes|Millones de pesos|B.1bV---Valor agregado bruto|Chihuahua<C1>,1501.7620000000002,1576.7510000000002,1560.202,1534.004,1554.9,1723.4859999999999,1811.7169999999999,1979.272,2099.379,2549.4849999999997,2522.751,2559.4790000000003,3253.25,3343.5570000000002,3506.7670000000003
Valores corrientes|Millones de pesos|B.1bV---Valor agregado bruto|Ciudad de México<C1>,5147.9039999999995,5365.92,5363.717000000001,6017.014,5697.821,6091.957,5779.789000000001,7035.206999999999,8042.429999999999,9010.181,9201.493,9307.253,9505.981,9314.825,9905.746000000001
Valores corrientes|Millones de pesos|B.1bV---Valor agregado bruto|Durango<C1>,1519.412,1722.02,1657.911,1563.9650000000001,975.7280000000001,2062.069,2134.465,1669.6599999999999,1586.9440000000002,2495.318,2614.7400000000002,2611.282,3710.2400000000002,4285.02,4707.392000000001
Valores corrientes|Millones de pesos|B.1bV---Valor agregado bruto|Guanajuato<C1>,9673.462,10044.516,10193.563,11028.280999999999,11070.649,11849.771999999999,11968.921,13624.501,14760.494999999999,16223.222,17191.899,17384.905,19453.424,20230.869,20877.388
Valores corrientes|Millones de pesos|B.1bV---Valor agregado bruto|Guerrero<C1>,166.345,159.977,150.984,151.48600000000002,148.226,169.627,173.78400000000002,200.003,205.10399999999998,208.50599999999997,214.948,214.255,212.32299999999998,232.97,233.981
Valores corrientes|Millones de pesos|B.1bV---Valor agregado bruto|Hidalgo<C1>,1481.252,1394.5839999999998,1309.5320000000002,1294.4759999999999,1304.74,1449.025,1533.4569999999999,1711.6129999999998,1831.981,1895.425,2127.913,2433.705,2955.214,3174.0080000000003,3643.971
Valores corrientes|Millones de pesos|B.1bV---Valor agregado bruto|Jalisco<C1>,4843.876,4913.944,4780.530000000001,5215.031,5037.291,4966.85,5026.014999999999,5372.03,5171.342000000001,5414.446,5257.629,5046.791,5304.899,4870.4400000000005,4939.3240000000005
Valores corrientes|Millones de pesos|B.1bV---Valor agregado bruto|México<C1>,5262.911,5276.931,5198.021,5414.831999999999,5454.4439999999995,5548.169,5698.575,6565.744000000001,6954.218999999999,7637.153,8900.219,9175.686,9922.033,10132.367,10823.099
Valores corrientes|Millones de pesos|B.1bV---Valor agregado bruto|Michoacán de Ocampo<C1>,659.702,646.232,586.733,597.874,601.701,611.677,594.903,632.406,682.12,776.721,826.7239999999999,874.022,874.7360000000001,946.6030000000001,823.933
Valores corrientes|Millones de pesos|B.1bV---Valor agregado bruto|Morelos<C1>,476.41099999999994,495.289,454.94500000000005,465.938,470.476,459.692,495.679,586.531,592.865,602.64,687.063,713.2550000000001,825.5120000000001,768.607,807.556
Valores corrientes|Millones de pesos|B.1bV---Valor agregado bruto|Nayarit<C1>,58.56,58.013,57.205,57.677,55.471000000000004,57.139,60.912000000000006,64.889,65.996,65.849,69.262,74.659,86.78899999999999,88.547,98.462
Valores corrientes|Millones de pesos|B.1bV---Valor agregado bruto|Nuevo León<C1>,2735.9990000000003,2952.486,2886.0730000000003,3067.475,3090.795,3141.205,3051.618,3482.4770000000003,3696.761,3817.848,4068.321,4134.737,5668.9580000000005,4485.787,4771.208
Valores corrientes|Millones de pesos|B.1bV---Valor agregado bruto|Oaxaca<C1>,376.849,368.246,350.649,355.992,327.98,356.292,406.62399999999997,481.492,501.403,512.943,494.402,402.335,424.54600000000005,502.288,539.979
Valores corrientes|Millones de pesos|B.1bV---Valor agregado bruto|Puebla<C1>,4147.115,4624.941999999999,4541.985000000001,4474.144,4363.960999999999,4854.896000000001,5087.584,5241.578,4506.846,4861.079,4742.401,4921.209000000001,5716.3910000000005,6436.414,6915.527
Valores corrientes|Millones de pesos|B.1bV---Valor agregado bruto|Querétaro<C1>,1923.792,2044.2169999999999,1874.6390000000001,1703.83,1677.5720000000001,1883.873,1794.088,2015.5590000000002,2201.986,1995.7540000000001,2035.3670000000002,2175.788,2591.895,3056.327,3526.292
Valores corrientes|Millones de pesos|B.1bV---Valor agregado bruto|Quintana Roo<C1>,66.643,71.718,68.874,82.741,84.88,78.382,78.229,94.93700000000001,95.95100000000001,87.893,91.716,93.174,96.621,125.68199999999999,153.957
Valores corrientes|Millones de pesos|B.1bV---Valor agregado bruto|San Luis Potosí<C1>,1032.322,1168.749,1142.291,1268.259,1134.65,964.654,866.287,948.154,932.682,999.109,1102.202,1325.012,1427.186,1330.468,1228.813
Valores corrientes|Millones de pesos|B.1bV---Valor agregado bruto|Sinaloa<C1>,302.262,324.37,312.52299999999997,332.229,304.277,325.923,319.528,333.85,339.317,366.065,381.39799999999997,408.892,438.369,487.96000000000004,541.6800000000001
Valores corrientes|Millones de pesos|B.1bV---Valor agregado bruto|Sonora<C1>,1178.891,1341.683,1237.1,1119.49,1208.335,1523.833,1785.611,1938.871,1888.2910000000002,2095.395,1855.0629999999999,2141.991,2743.0299999999997,2700.4469999999997,2498.3520000000003
Valores corrientes|Millones de pesos|B.1bV---Valor agregado bruto|Tabasco<C1>,172.377,186.072,170.097,204.355,244.988,260.183,253.936,278.401,286.58,276.195,291.35699999999997,307.916,344.547,475.621,579.356
Valores corrientes|Millones de pesos|B.1bV---Valor agregado bruto|Tamaulipas<C1>,1176.025,1153.0539999999999,1018.8910000000001,1034.29,1039.3,1080.707,909.038,1101.453,1201.5140000000001,1141.166,1069.176,1069.27,1364.5620000000001,1739.77,1589.895
Valores corrientes|Millones de pesos|B.1bV---Valor agregado bruto|Tlaxcala<C1>,692.846,746.61,742.2589999999999,809.591,716.764,785.932,840.635,902.529,1142.4920000000002,1252.3819999999998,1245.7869999999998,1214.858,1430.565,1453.332,1447.234
Valores corrientes|Millones de pesos|B.1bV---Valor agregado bruto|Veracruz de Ignacio de la Llave<C1>,2125.0119999999997,2254.37,2269.971,2677.7,2630.882,2788.957,2396.064,1734.8010000000002,2060.855,2244.047,2212.733,2618.206,2959.555,3666.371,3186.654
Valores corrientes|Millones de pesos|B.1bV---Valor agregado bruto|Yucatán<C1>,1793.462,1975.039,2039.9850000000001,2057.215,2107.0820000000003,1752.003,1920.416,1951.982,1829.545,2024.317,1990.4840000000002,2191.4570000000003,2641.8680000000004,2785.4990000000003,2804.2560000000003
Valores corrientes|Millones de pesos|B.1bV---Valor agregado bruto|Zacatecas<C1>,249.842,236.291,186.65200000000002,164.475,119.405,134.783,154.289,196.152,201.38000000000002,227.239,205.359,223.16699999999997,268.212,261.025,287.856
Valores corrientes|Participación porcentual|B.1bV---Valor agregado bruto|Estados Unidos Mexicanos<C1>,100,100,100,100,100,100,100,100,100,100,100,100,100,100,100
Valores corrientes|Participación porcentual|B.1bV---Valor agregado bruto|Aguascalientes<C1>,2.132697403127,2.071590563289,2.206483911229,2.132289921909,2.429642680854,2.611140515379,3.08893991615,2.946782009729,2.927379275328,2.839465665614,2.539471942145,2.48524268002,2.682195563762,2.812691966441,2.54785085694
Valores corrientes|Participación porcentual|B.1bV---Valor agregado bruto|Baja California<C1>,2.460869785337,3.112615917861,3.140801260962,3.326648355381,3.209730424184,3.196556250949,3.326818800712,3.128964162099,2.572503196287,2.44978219003,2.259790047117,2.359764069699,2.396082645596,2.873067672867,2.709522667297
Valores corrientes|Participación porcentual|B.1bV---Valor agregado bruto|Baja California Sur<C1>,0.030305415589,0.023835746809,0.024000793617,0.02927788585,0.037089914639,0.037491595319,0.038119383717,0.043201354352,0.046129263832,0.043222965362,0.042927642731,0.042430569506,0.04293173243,0.047935734209,0.049034603837
Valores corrientes|Participación porcentual|B.1bV---Valor agregado bruto|Campeche<C1>,0.702686380972,0.644447405908,0.659373388041,0.712621414186,0.771984688444,0.822288576468,0.915222587941,0.938565828605,0.948451554477,1.111056228837,1.1148958809,1.153908864272,1.228757526012,1.015854472674,0.945310849719
Valores corrientes|Participación porcentual|B.1bV---Valor agregado bruto|Coahuila de Zaragoza<C1>,7.518237112217,7.317332583371,6.795990712385,6.976690898708,8.223736119785,8.373399917767,8.353443363806,5.355354208372,5.410961393333,5.78741157799,5.288523859332,5.304621154988,5.458088492692,5.509112635851,5.417366426072
Valores corrientes|Participación porcentual|B.1bV---Valor agregado bruto|Colima<C1>,0.074945818937,0.077243503965,0.07937726448,0.07940415708,0.075671411769,0.068043721915,0.074345420561,0.086583782684,0.086465718863,0.086845908224,0.090626672118,0.080816995939,0.069430923873,0.076308463229,0.089385632863
Valores corrientes|Participación porcentual|B.1bV---Valor agregado bruto|Chiapas<C1>,0.392985583311,0.384437824624,0.367187934047,0.379017745697,0.406315980663,0.384835854484,0.34508337813,0.376307944434,0.386507295539,0.346965878618,0.382097935314,0.40526337377,0.374592545238,0.476051187185,0.524447958438
Valores corrientes|Participación porcentual|B.1bV---Valor agregado bruto|Chihuahua<C1>,2.669610601008,2.664896661483,2.697844827296,2.514269383987,2.565554885517,2.651901816027,2.75518772481,2.86715726223,2.92549943432,3.237259161167,3.119207166907,3.065116751129,3.389498095583,3.35487628549,3.401236858019
Valores corrientes|Participación porcentual|B.1bV---Valor agregado bruto|Ciudad de México<C1>,9.151183137788,9.069042793557,9.274745298062,9.862030400978,9.401294297608,9.373602008636,8.789675045713,10.191143431191,11.207182893397,11.440856088985,11.377009824531,11.145946920173,9.904097286144,9.346359429789,9.607649553384
Valores corrientes|Participación porcentual|B.1bV---Valor agregado bruto|Durango<C1>,2.700986163253,2.910418543579,2.866799693544,2.563376182283,1.609932302615,3.172874352256,3.246010147853,2.41865584642,2.211417649837,3.16847953823,3.2329452045,3.12715369031,3.865627115701,4.299526516476,4.565731106612
Valores corrientes|Participación porcentual|B.1bV---Valor agregado bruto|Guanajuato<C1>,17.196051507261,16.976426306126,17.626340186246,18.075617323232,18.266356439508,18.23306478051,18.201862773504,19.736340930608,20.568853824288,20.599758007264,21.256594318482,20.819379073745,20.268145270289,20.299358630031,20.24911879368
Valores corrientes|Participación porcentual|B.1bV---Valor agregado bruto|Guerrero<C1>,0.29570356383,0.270380150838,0.261076067973,0.248289190838,0.244570029237,0.261002496885,0.264283849833,0.289722713158,0.285813869709,0.264754630311,0.265768338656,0.256582136252,0.221215216829,0.233758697169,0.226939742867
Valores corrientes|Participación porcentual|B.1bV---Valor agregado bruto|Hidalgo<C1>,2.633150953323,2.357012772313,2.264395336231,2.121677241458,2.152795730484,2.229592830443,2.33202089671,2.479428619754,2.552878436521,2.406753499454,2.631017282385,2.91449547459,3.078980166,3.184753293919,3.534311938817
Valores corrientes|Participación porcentual|B.1bV---Valor agregado bruto|Jalisco<C1>,8.61072707897,8.305149614818,8.266319445963,8.547561010169,8.311432590404,7.642416900939,7.643365289784,7.78187880565,7.206301528059,6.875100232457,6.500694701038,6.043809554034,5.527071407903,4.886928398679,4.790683510623
Valores corrientes|Participación porcentual|B.1bV---Valor agregado bruto|México<C1>,9.355625590314,8.918640803003,8.988229772186,8.875039645942,8.999726961205,8.536883645543,8.666167999147,9.511083161658,9.690753194462,9.697426544767,11.004505356194,10.988388207796,10.337573797836,10.166669138339,10.497396387266
Valores corrientes|Participación porcentual|B.1bV---Valor agregado bruto|Michoacán de Ocampo<C1>,1.172720745835,1.092208915259,1.014557466952,0.979929839611,0.992794996572,0.941178139609,0.904705008041,0.916098169215,0.950539028036,0.986256900088,1.022187059228,1.046689374304,0.911370477565,0.949807631954,0.799138148653
Valores corrientes|Participación porcentual|B.1bV---Valor agregado bruto|Morelos<C1>,0.846893086945,0.837097298539,0.786674427384,0.763683568124,0.776276288069,0.707321121038,0.753809064134,0.849644018696,0.826161556407,0.765214096528,0.849505890085,0.854162057328,0.860084946402,0.77120904389,0.783253986397
Valores corrientes|Participación porcentual|B.1bV---Valor agregado bruto|Nayarit<C1>,0.104099315867,0.098048867591,0.09891681548,0.094533987695,0.091526075667,0.087918914262,0.092632566065,0.093997675705,0.091965891184,0.083613074211,0.085637673633,0.089408255165,0.090423776291,0.088846767216,0.095498954882
Valores corrientes|Participación porcentual|B.1bV---Valor agregado bruto|Nuevo León<C1>,4.863654783346,4.9900523827,4.99049297094,5.027665168178,5.099751889112,4.833324578216,4.640780240186,5.044687754436,5.151462510731,4.847788245055,5.030197597971,4.951574769793,5.906377421022,4.500973193536,4.627626673478
Valores corrientes|Participación porcentual|B.1bV---Valor agregado bruto|Oaxaca<C1>,0.669906473449,0.622379523466,0.606329559151,0.583479434568,0.541160647856,0.54822110643,0.618377734168,0.697485380739,0.698708614722,0.651319551167,0.611293885815,0.481818271635,0.442326245597,0.50398844694,0.523729257563
Valores corrientes|Participación porcentual|B.1bV---Valor agregado bruto|Puebla<C1>,7.372128318335,7.816701873252,7.853836066038,7.333229430138,7.200451131105,7.470154976031,7.736996995525,7.592907103341,6.280321668249,6.172451505268,5.863650906311,5.893418208045,5.955796944012,6.458203850628,6.70741606871
Valores corrientes|Participación porcentual|B.1bV---Valor agregado bruto|Querétaro<C1>,3.419833180846,3.454969781942,3.24155790673,2.792618275128,2.76796130967,2.898686864798,2.728378237235,2.919722314216,3.068483012062,2.534148237756,2.516590552808,2.605625694021,2.700445144533,3.066673896393,3.420174286611
Valores corrientes|Participación porcentual|B.1bV---Valor agregado bruto|Quintana Roo<C1>,0.118468079018,0.121211947079,0.119094427924,0.135614485425,0.140050356089,0.12060519676,0.118967576351,0.137524963221,0.133708394826,0.111603880569,0.113400491971,0.111580985103,0.100667546451,0.126107484129,0.14932392798
Valores corrientes|Participación porcentual|B.1bV---Valor agregado bruto|San Luis Potosí<C1>,1.83510952791,1.975324771135,1.975208252275,2.078706949047,1.872150524697,1.484298505725,1.317415086662,1.373488144536,1.299698941163,1.268638475321,1.362796557322,1.586774682131,1.486957420746,1.3349721694,1.19183397905
Valores corrientes|Participación porcentual|B.1bV---Valor agregado bruto|Sinaloa<C1>,0.537316724942,0.548223866727,0.540403459912,0.544531307071,0.502051156924,0.501492785891,0.485925574101,0.483612384753,0.472840631232,0.464818296571,0.471572253878,0.489670639455,0.456728161273,0.489611940896,0.525379068884
Valores corrientes|Participación porcentual|B.1bV---Valor agregado bruto|Sonora<C1>,2.095658240808,2.267603792525,2.139148543488,1.834870986438,1.993729347605,2.34469876751,2.71548675013,2.808632703427,2.631346818431,2.660669374409,2.293657124569,2.565151929306,2.857909770576,2.70958909943,2.423168378938
Valores corrientes|Participación porcentual|B.1bV---Valor agregado bruto|Tabasco<C1>,0.306426362213,0.314483803464,0.294125575783,0.334942751104,0.404225455202,0.400339643141,0.386175848705,0.403289415988,0.399351250006,0.350704081028,0.360242783584,0.368746330617,0.35897683865,0.477231168418,0.561921274243
Valores corrientes|Participación porcentual|B.1bV---Valor agregado bruto|Tamaulipas<C1>,2.090563489455,1.948798355041,1.761829438706,1.695226140977,1.714824871386,1.662867499877,1.382429120545,1.595555824543,1.67431822807,1.449018169518,1.321962192022,1.280509583583,1.421710689404,1.745659821324,1.542049835184
Valores corrientes|Participación porcentual|B.1bV---Valor agregado bruto|Tlaxcala<C1>,1.231639252069,1.261859669935,1.283487396929,1.32693908546,1.182646718093,1.20930167003,1.278404537268,1.307396141977,1.592070655044,1.590236892071,1.540329481126,1.454859213943,1.490477935329,1.458252113466,1.403681973447
Valores corrientes|Participación porcentual|B.1bV---Valor agregado bruto|Veracruz de Ignacio de la Llave<C1>,3.777532366959,3.810153338572,3.925151692192,4.388814585557,4.340904346465,4.291325913364,3.643839584582,2.513018567268,2.871815968777,2.849423200701,2.735891347205,3.135445560799,3.08350296973,3.678783140741,3.090757110054
Valores corrientes|Participación porcentual|B.1bV---Valor agregado bruto|Yucatán<C1>,3.188151762866,3.338050736862,3.527468225275,3.371824774107,3.476644491147,2.695780492203,2.920492874841,2.827625191,2.54948385335,2.570416673703,2.461095826902,2.624390182564,2.752511044273,2.794929034664,2.719866722403
Valores corrientes|Participación porcentual|B.1bV---Valor agregado bruto|Zacatecas<C1>,0.444132193901,0.399359884369,0.32275188258,0.269578473675,0.197015937427,0.207388561595,0.234636623089,0.284144185994,0.28062444946,0.288541228728,0.253912203221,0.267254745985,0.27944488226,0.26190867463,0.279193467089
Índice de precios implícitos base 2013=100|B.1bV---Valor agregado bruto|Estados Unidos Mexicanos<C1>,67.11219255585,69.055888862281,69.611957718811,72.695199177032,74.592378202442,79.298288854466,81.99190464792,85.052820674184,91.023962736302,99.518941755263,100,103.609537835078,115.100003171896,121.194235249866,125.386104299779
Índice de precios implícitos base 2013=100|B.1bV---Valor agregado bruto|Aguascalientes<C1>,66.175514231801,68.415397479077,70.057405697307,74.386772035696,76.589016329664,83.172004328682,83.328417217046,86.767357297476,91.460943602086,105.83902394696,100,105.680777711577,134.489279794211,139.961844047906,140.073702710716
Índice de precios implícitos base 2013=100|B.1bV---Valor agregado bruto|Baja California<C1>,68.615843823946,71.418627233511,71.945532165698,74.983947728336,77.552078080144,84.630999699763,83.584980851813,86.337582520189,91.614806345123,104.99097191007,100,104.924430405899,126.150734683064,130.273985503851,134.493999360651
Índice de precios implícitos base 2013=100|B.1bV---Valor agregado bruto|Baja California Sur<C1>,70.668214226496,73.304225791361,72.34818868908,76.100200230052,78.250426428099,81.001296499452,84.001340482574,86.735109353188,92.044822600378,97.179399337673,100,103.86971944534,107.894530124899,114.79167667836,121.327605654083
Índice de precios implícitos base 2013=100|B.1bV---Valor agregado bruto|Campeche<C1>,62.325026251975,64.138867208526,67.128773875539,71.981364948024,75.599544988899,83.515394737253,83.133816630659,87.307390154277,91.862359379956,110.114896241018,100,106.397634317415,147.477772636897,153.450110340479,152.593797556347
Índice de precios implícitos base 2013=100|B.1bV---Valor agregado bruto|Coahuila de Zaragoza<C1>,68.150435718613,70.781872685824,71.984928327685,75.238675169864,76.740283829398,81.389656840788,81.776522325183,87.153167246833,91.94602838809,105.118996358071,100,105.413556487267,132.864732679766,136.417201930827,140.601327360672
Índice de precios implícitos base 2013=100|B.1bV---Valor agregado bruto|Colima<C1>,71.692145492884,73.983002832861,72.502566532417,75.7679074132,77.783619680806,80.269367603282,83.720651447948,86.853730128745,92.140120578539,97.353887323142,100,103.960624826694,108.329540282203,114.903228730718,121.829310208074
Índice de precios implícitos base 2013=100|B.1bV---Valor agregado bruto|Chiapas<C1>,69.26598174589,71.301572971719,69.776688309981,73.227777953703,75.688559810421,78.014598084781,80.096504789942,83.148221647505,88.105728271608,93.316417482293,100,100.342174319135,105.115513480958,115.515155056596,122.368063727709
Índice de precios implícitos base 2013=100|B.1bV---Valor agregado bruto|Chihuahua<C1>,66.348244762209,67.664746978852,68.801045640497,72.690862772898,73.808007093619,79.751475078792,82.178869473946,85.327681815889,90.661049776843,102.974254871161,100,104.542435713737,128.881243852069,136.253486253038,137.299464664866
Índice de precios implícitos base 2013=100|B.1bV---Valor agregado bruto|Ciudad de México<C1>,66.87903451272,68.143001859547,68.401600814537,71.3488494091,72.919172355471,76.951042269562,80.097731114296,84.371601174764,89.580342654894,97.370508740422,100,103.864405228678,109.662096788242,117.395726942113,120.294051570141
Índice de precios implícitos base 2013=100|B.1bV---Valor agregado bruto|Durango<C1>,67.570685387432,69.180878980667,71.238661036591,76.010035104397,77.789213783053,88.385800109043,85.093061722085,86.842095682029,91.304795598344,105.647415461085,100,105.994216612383,132.99080558898,137.983378313236,136.645171590505
Índice de precios implícitos base 2013=100|B.1bV---Valor agregado bruto|Guanajuato<C1>,64.117552821545,65.669346719673,65.790113827456,68.733773293895,70.558215974769,74.904613302708,78.600412213254,81.360710229473,89.323911469417,96.781139038107,100,101.814432709545,108.947727232379,112.69206891913,117.898763116608
Índice de precios implícitos base 2013=100|B.1bV---Valor agregado bruto|Guerrero<C1>,66.309629635535,69.631812384928,70.48245921154,74.130295423071,77.005719866796,80.011226203279,83.190441313745,84.892358104552,91.186918422422,97.199250398575,100,103.418399115715,107.725676827536,115.172038758157,120.742575534742
Índice de precios implícitos base 2013=100|B.1bV---Valor agregado bruto|Hidalgo<C1>,66.466210082748,67.766742892574,69.082098335265,72.468550193449,74.300849134664,79.295567623888,84.126176894305,85.827016450722,91.555835645575,98.852112327145,100,102.960450610222,112.864299959746,120.524321245491,124.871572129841
Índice de precios implícitos base 2013=100|B.1bV---Valor agregado bruto|Jalisco<C1>,65.732733147176,68.380864884467,68.781011869452,71.282701000986,73.5467579682,78.827264995368,82.31160631128,85.910074787085,91.635122477454,98.382992300993,100,101.995863004203,106.50271160464,112.654359538025,116.898582753869
Índice de precios implícitos base 2013=100|B.1bV---Valor agregado bruto|México<C1>,66.841514222763,68.310812175303,69.12896263088,71.684271228337,73.494664390233,76.936439374116,82.802068825726,85.67192714027,92.421957138773,97.641787751181,100,103.253531541286,109.088209431074,117.748721800946,125.491156624123
Índice de precios implícitos base 2013=100|B.1bV---Valor agregado bruto|Michoacán de Ocampo<C1>,69.125357832926,72.104230195471,72.017758553392,74.950482140977,77.172220611887,79.453739869819,83.335504612217,86.627873527792,92.468404278826,97.459496491704,100,103.423907834341,107.550345678921,113.78520316232,120.351589602764
Índice de precios implícitos base 2013=100|B.1bV---Valor agregado bruto|Morelos<C1>,70.415209570572,71.672674493483,71.821891748956,73.683677842457,75.568155352281,79.329732341623,84.734060193305,84.596468049754,91.831345008225,97.77720089561,100,103.257155927708,112.291488415305,120.82830934658,127.260349528027
Índice de precios implícitos base 2013=100|B.1bV---Valor agregado bruto|Nayarit<C1>,69.205951522744,71.212177008531,70.465995737919,74.140679229761,75.749009968592,78.530786146234,82.120419554022,85.968468468469,91.968951629761,96.816831828741,100,103.857496591826,108.210313700065,114.744262592492,120.810787597698
Índice de precios implícitos base 2013=100|B.1bV---Valor agregado bruto|Nuevo León<C1>,69.650036441544,71.586733224258,71.453757515948,73.860474680519,75.676357931046,78.4389984935,82.064530911033,85.773140674791,91.483220269063,96.819905017363,100,104.156892677569,111.985146499347,116.401295784911,118.401630302746
Índice de precios implícitos base 2013=100|B.1bV---Valor agregado bruto|Oaxaca<C1>,68.851365794748,70.99128624306,69.853598870068,73.527759418374,74.887091692049,77.87701144903,81.841053364624,85.878733289933,92.045644379907,97.550135501355,100,103.797850438839,107.842843389531,114.210613677861,121.187549514894
Índice de precios implícitos base 2013=100|B.1bV---Valor agregado bruto|Puebla<C1>,68.672384514948,70.141055811294,70.915140900981,74.616099681499,76.510383519614,81.427014254813,82.602945925554,85.018989697795,90.561963519583,99.731134483228,100,104.21265084887,117.911820532168,125.098229612399,127.620651378576
Índice de precios implícitos base 2013=100|B.1bV---Valor agregado bruto|Querétaro<C1>,70.855160297668,72.862805062786,73.294537743008,75.296021551659,77.874803116344,81.603636891316,84.161127347272,87.354945410717,92.511246783932,98.922768771249,100,103.820994402377,111.834724708018,117.470480820268,123.728198044162
Índice de precios implícitos base 2013=100|B.1bV---Valor agregado bruto|Quintana Roo<C1>,69.222938934073,70.961549878297,70.129314733734,75.245084665612,77.235254508726,79.577250299499,83.194903808319,86.515574024459,92.009320701162,97.335518665766,100,103.802319492876,108.043342129982,114.673357664234,121.569633846858
Índice de precios implícitos base 2013=100|B.1bV---Valor agregado bruto|San Luis Potosí<C1>,67.779959804314,70.386552739221,70.221023072365,74.253735494058,75.365535967756,79.73902347896,82.983404985785,85.912852486764,92.058459780031,99.588234121447,100,104.373320687865,113.338982337465,120.796467809986,128.049906422852
Índice de precios implícitos base 2013=100|B.1bV---Valor agregado bruto|Sinaloa<C1>,71.085680419936,73.063875987152,72.177546005469,75.062527818384,76.782366226327,80.117352946237,83.49896648052,86.755297309377,92.215729970649,97.887764597662,100,103.889385747388,108.202123221907,114.75039742637,122.533184939874
Índice de precios implícitos base 2013=100|B.1bV---Valor agregado bruto|Sonora<C1>,68.372701052596,70.85887302491,72.049499887596,75.891401451135,78.285238188718,84.555687187355,85.187544070066,88.173344229537,92.483494632082,107.667458134503,100,105.741668365682,131.613152726685,136.697440435092,139.222425806797
Índice de precios implícitos base 2013=100|B.1bV---Valor agregado bruto|Tabasco<C1>,71.250480508905,73.981949027872,71.93935164626,75.250583651856,77.03976704549,79.318281589152,83.160911070721,86.593323877775,92.398663898167,97.431528595013,100,103.795642090502,107.786133930638,114.444489895113,121.596957536478
Índice de precios implícitos base 2013=100|B.1bV---Valor agregado bruto|Tamaulipas<C1>,68.334373434764,71.380355906959,72.305310076777,75.549884004278,77.228483511388,80.838600611877,82.559135390414,85.013846695317,91.400885775708,98.656700417739,100,104.220599472888,112.516697395371,118.121323921304,125.162466099593
Índice de precios implícitos base 2013=100|B.1bV---Valor agregado bruto|Tlaxcala<C1>,67.670126130772,70.152047311125,71.628645320672,74.43816763853,76.960425880531,83.117009474678,83.581651777503,86.145401128779,91.649305987289,104.706334807581,100,104.571829446221,121.162446006606,125.78909649879,129.181796434552
Índice de precios implícitos base 2013=100|B.1bV---Valor agregado bruto|Veracruz de Ignacio de la Llave<C1>,74.398982157649,75.56611653909,75.334754423816,78.793239618313,80.31143062106,83.903917852917,86.715321493172,89.866738499235,94.479635478247,96.901840146403,100,104.354941503255,110.996285190832,117.392767467371,122.969651715376
Índice de precios implícitos base 2013=100|B.1bV---Valor agregado bruto|Yucatán<C1>,64.304840444604,67.099138973672,69.320235337133,73.048439866858,75.982852415815,80.518544050738,83.451429187246,87.308993043395,91.539954869085,105.953508139713,100,105.022337153477,129.377000497553,136.077602610268,136.700486061382
Índice de precios implícitos base 2013=100|B.1bV---Valor agregado bruto|Zacatecas<C1>,65.143262403951,68.914016064023,71.676753402353,75.092453088618,77.631998127548,81.594193247653,84.467401360991,87.135679731333,92.337178805275,100.271817070642,100,104.404637149594,118.00067752764,125.450569519873,128.314670850867
Variación porcentual anual del índice de precios implícitos base 2013=100|B.1bV---Valor agregado bruto|Estados Unidos Mexicanos<C1>,NA,2.89618954829,0.805244658626,4.429183662203,2.609772098966,6.308835789164,3.396814524457,3.733192977292,7.020510330859,9.33268423346,0.483383601405,3.609537835078,11.090161752394,5.294727984385,3.458802344246
Variación porcentual anual del índice de precios implícitos base 2013=100|B.1bV---Valor agregado bruto|Aguascalientes<C1>,NA,3.384761377796,2.400056535127,6.179741164117,2.960532139923,8.595211577967,0.188059539537,4.126971560581,5.409391792951,15.720459224025,-5.516891340463,5.680777711577,27.259926267062,4.069145334163,0.079920826687
Variación porcentual anual del índice de precios implícitos base 2013=100|B.1bV---Valor agregado bruto|Baja California<C1>,NA,4.08474669022,0.737769616411,4.223216468314,3.42490683621,9.127958650319,-1.235976003664,3.293177363115,6.112313630857,14.600440800538,-4.753715314061,4.924430405899,20.230087687921,3.268511143551,3.239337340052
Variación porcentual anual del índice de precios implícitos base 2013=100|B.1bV---Valor agregado bruto|Baja California Sur<C1>,NA,3.730123357039,-1.304204623895,5.186047652273,2.825519764136,3.515469751313,3.703698721837,3.25443481605,6.121757713556,5.57834388968,2.902467685076,3.86971944534,3.874864302177,6.392489540922,5.693730734534
Variación porcentual anual del índice de precios implícitos base 2013=100|B.1bV---Valor agregado bruto|Campeche<C1>,NA,2.910293128827,4.661614395671,7.228779541664,5.026551029544,10.470763745359,-0.45689553141,5.020307851569,5.217163424116,19.869440524129,-9.185765583322,6.397634317415,38.61001100544,4.049652769225,-0.558039862097
Variación porcentual anual del índice de precios implícitos base 2013=100|B.1bV---Valor agregado bruto|Coahuila de Zaragoza<C1>,NA,3.861218111761,1.699666307504,4.520039010621,1.995793594377,6.058581985084,0.475325120429,6.574802606878,5.499353945087,14.326848261874,-4.869715784418,5.413556487267,26.041409764801,2.673748841706,3.067153827101
Variación porcentual anual del índice de precios implícitos base 2013=100|B.1bV---Valor agregado bruto|Colima<C1>,NA,3.195409098483,-2.001049219087,4.503759021169,2.660377376682,3.195721583383,4.299627551227,3.742300885875,6.086543942278,5.658519558979,2.718034944075,3.960624826694,4.202471332576,6.068232572012,6.027751834187
Variación porcentual anual del índice de precios implícitos base 2013=100|B.1bV---Valor agregado bruto|Chiapas<C1>,NA,2.938803687641,-2.138640983899,4.945906329619,3.360448624119,3.073170212495,2.668611716616,3.810049971052,5.962252139462,5.914132160195,7.162279369517,0.342174319135,4.757061718278,9.893536387968,5.932475845057
Variación porcentual anual del índice de precios implícitos base 2013=100|B.1bV---Valor agregado bruto|Chihuahua<C1>,NA,1.984230662561,1.679306747427,5.653718044819,1.536842841185,8.052605969477,3.04369843035,3.83165692361,6.250454538847,13.58158230533,-2.888348038917,4.542435713737,23.281271353747,5.72018253442,0.767670934955
Variación porcentual anual del índice de precios implícitos base 2013=100|B.1bV---Valor agregado bruto|Ciudad de México<C1>,NA,1.889930612839,0.379494515846,4.308742133907,2.20090857719,5.529231591434,4.089208868297,5.335819131218,6.173571921838,8.696289670982,2.700500689164,3.864405228678,5.581981186721,7.052236260633,2.468850190312
Variación porcentual anual del índice de precios implícitos base 2013=100|B.1bV---Valor agregado bruto|Durango<C1>,NA,2.382976558551,2.97449538983,6.697731257688,2.34071550712,13.622179490775,-3.725415601709,2.055436629671,5.138867137264,15.708506621969,-5.345531110664,5.994216612383,25.469869809334,3.754073600912,-0.969831829812
Variación porcentual anual del índice de precios implícitos base 2013=100|B.1bV---Valor agregado bruto|Guanajuato<C1>,NA,2.42023257258,0.18390179561,4.474318853071,2.654361303682,6.16001590728,4.93400706257,3.51181111968,9.787526703595,8.348523308054,3.32591762598,1.814432709545,7.006172241988,3.436824045686,4.620284503974
Variación porcentual anual del índice de precios implícitos base 2013=100|B.1bV---Valor agregado bruto|Guerrero<C1>,NA,5.010106024801,1.22163533804,5.175523459791,3.878878975613,3.90296505465,3.973461302029,2.04580810479,7.41475494192,6.593415020673,2.881451852705,3.418399115715,4.164904648158,6.912337104683,4.836709358147
Variación porcentual anual del índice de precios implícitos base 2013=100|B.1bV---Valor agregado bruto|Hidalgo<C1>,NA,1.956682663577,1.941004372567,4.902068610813,2.528405682636,6.72228991646,6.091903261642,2.021772079996,6.674843693468,7.969209859888,1.161217141275,2.960450610222,9.619081201399,6.786930223708,3.606949070051
Variación porcentual anual del índice de precios implícitos base 2013=100|B.1bV---Valor agregado bruto|Jalisco<C1>,NA,4.028634761561,0.585173916213,3.637179889534,3.17616607595,7.179795783046,4.420223530674,4.371763153542,6.664000356836,7.363846570074,1.64358458834,1.995863004203,4.418658235434,5.776048178211,3.767473565381
Variación porcentual anual del índice de precios implícitos base 2013=100|B.1bV---Valor agregado bruto|México<C1>,NA,2.198181728264,1.197688081174,3.696437065172,2.525509614416,4.683027009428,7.623993908904,3.465925858186,7.878928633707,5.647825228988,2.415167013153,3.253531541286,5.650826468299,7.938999471198,6.575387575133
Variación porcentual anual del índice de precios implícitos base 2013=100|B.1bV---Valor agregado bruto|Michoacán de Ocampo<C1>,NA,4.309377131537,-0.119925893175,4.072222805172,2.964275088626,2.956399647233,4.885565800626,3.950739760796,6.742091792384,5.397619058969,2.606727512195,3.423907834341,3.989829751153,5.797152435021,5.770861463486
Variación porcentual anual del índice de precios implícitos base 2013=100|B.1bV---Valor agregado bruto|Morelos<C1>,NA,1.785785955307,0.208192671095,2.592226476029,2.557523680961,4.97772768411,6.812487187539,-0.162381152558,8.55222106225,6.474756399193,2.273330678348,3.257155927708,8.749352436089,7.602375791567,5.323289067132
Variación porcentual anual del índice de precios implícitos base 2013=100|B.1bV---Valor agregado bruto|Nayarit<C1>,NA,2.898920456469,-1.047828197308,5.214832279542,2.169295932462,3.672359782386,4.570988759878,4.685861245406,6.97986513915,5.271213940218,3.287825175781,3.857496591826,4.191143876061,6.038194206273,5.286996376238
Variación porcentual anual del índice de precios implícitos base 2013=100|B.1bV---Valor agregado bruto|Nuevo León<C1>,NA,2.780611298516,-0.185754681518,3.368216379711,2.458531790354,3.650599259773,4.62210442148,4.519138442135,6.657188426761,5.833512126709,3.284546687034,4.156892677569,7.515828881351,3.943513424425,1.718481314445
Variación porcentual anual del índice de precios implícitos base 2013=100|B.1bV---Valor agregado bruto|Oaxaca<C1>,NA,3.108029047225,-1.602573263846,5.259801367057,1.84873343677,3.992570267352,5.090131017917,4.933562997192,7.180952552192,5.980175551522,2.511390154462,3.797850438839,3.896991058669,5.904675811755,6.108833156883
Variación porcentual anual del índice de precios implícitos base 2013=100|B.1bV---Valor agregado bruto|Puebla<C1>,NA,2.138663607969,1.103611972665,5.218855569484,2.538706587721,6.426096052621,1.444154230021,2.924888144327,6.51968912062,10.124748412353,0.269590352266,4.21265084887,13.145399883518,6.094731679824,2.01635288844
Variación porcentual anual del índice de precios implícitos base 2013=100|B.1bV---Valor agregado bruto|Querétaro<C1>,NA,2.833448907156,0.592528217724,2.730740748606,3.424857663848,4.788241672215,3.134039796979,3.794885078317,5.902701156725,6.93053245979,1.088961866041,3.820994402377,7.718795559386,5.039361546214,5.327055086689
Variación porcentual anual del índice de precios implícitos base 2013=100|B.1bV---Valor agregado bruto|Quintana Roo<C1>,NA,2.511610993402,-1.172797305006,7.294766748116,2.644916743676,3.032288565202,4.546090113952,3.991434648198,6.350008930357,5.788759143112,2.737419362179,3.802319492876,4.085672321992,6.136440620539,6.013843427186
Variación porcentual anual del índice de precios implícitos base 2013=100|B.1bV---Valor agregado bruto|San Luis Potosí<C1>,NA,3.845669047949,-0.235172288476,5.742884744839,1.497299046709,5.803033780686,4.068749986236,3.530160640529,7.153303743714,8.179339910105,0.413468400344,4.373320687865,8.589993678952,6.579806275582,6.004677739647
Variación porcentual anual del índice de precios implícitos base 2013=100|B.1bV---Valor agregado bruto|Sinaloa<C1>,NA,2.782832710512,-1.213089190394,3.997062760621,2.291207687682,4.343427903849,4.22082533924,3.899845670086,6.294062530614,6.150831998856,2.157813503066,3.889385747388,4.151278249932,6.051890674117,6.782362142578
Variación porcentual anual del índice de precios implícitos base 2013=100|B.1bV---Valor agregado bruto|Sonora<C1>,NA,3.63620558211,1.680279140578,5.332308440076,3.154292438682,8.009746337517,0.747267160529,3.504972695322,4.88826917047,16.418025251777,-7.121425793228,5.741668365682,24.466688260992,3.863054415971,1.847134345507
Variación porcentual anual del índice de precios implícitos base 2013=100|B.1bV---Valor agregado bruto|Tabasco<C1>,NA,3.833614172785,-2.76094021373,4.602810464401,2.377633909009,2.957582338374,4.84456975691,4.127435309283,6.704142721887,5.44690202706,2.636180959105,3.795642090502,3.84456587942,6.177377109341,6.249726524991
Variación porcentual anual del índice de precios implícitos base 2013=100|B.1bV---Valor agregado bruto|Tamaulipas<C1>,NA,4.457467478066,1.295810532275,4.487324546504,2.221842600069,4.674592762082,2.128357944737,2.973276419738,7.512939748841,7.938451121619,1.361589812525,4.220599472888,7.960132607605,4.981150936415,5.960940789133
Variación porcentual anual del índice de precios implícitos base 2013=100|B.1bV---Valor agregado bruto|Tlaxcala<C1>,NA,3.667676303066,2.104853765704,3.922344622434,3.388393779719,7.999674538839,0.559021920738,3.067359039638,6.38908727151,14.246729617465,-4.494794719183,4.571829446221,15.865282885691,3.81855157656,2.697133559422
Variación porcentual anual del índice de precios implícitos base 2013=100|B.1bV---Valor agregado bruto|Veracruz de Ignacio de la Llave<C1>,NA,1.568750468881,-0.306171768341,4.590822948782,1.926803632014,4.473195414496,3.350741791561,3.634210139336,5.133041496828,2.563732021081,3.197214675094,4.354941503255,6.364187063791,5.762789507362,4.750619964348
Variación porcentual anual del índice de precios implícitos base 2013=100|B.1bV---Valor agregado bruto|Yucatán<C1>,NA,4.345393767791,3.310171184659,5.378234092243,4.017077646429,5.969362153057,3.642496484611,4.62252581378,4.845963374686,15.745641661329,-5.618981612069,5.022337153477,23.189984154023,5.179129278733,0.457741346971
Variación porcentual anual del índice de precios implícitos base 2013=100|B.1bV---Valor agregado bruto|Zacatecas<C1>,NA,5.788401625773,4.008962902065,4.765421875474,3.381891168122,5.103817002874,3.521338956827,3.158944548251,5.969425027704,8.593113162034,-0.271080228306,4.404637149594,13.022448762084,6.313431539821,2.283051676812
